id;notes;due_date;jhi_type;created_by;updated_by;updated_at;created_at;project_id
1;Улсын бүртгэлийн гэрчилгээний хуулбар. Тусгай зөвшөөрөл хүссэн албан тоотыг дахин оруулах;2019-05-21T08:43:41;ENGINEER_ASSESMENT;Ганзориг Энх;Саруул Энхгэрэл;2019-05-20T14:28:27;2019-05-20T19:18:14;1
2;Аж ахуйн нэгж байгууллагууд үйл ажиллагааны тайлан мэдээгээ улирал бүр ирүүлж норм. норматив боловсруулах санд тухай бүр шимтгэлээ төлсөн байдал дутуу байна;2019-05-20T16:30:09;ARCHITECTURE_ASSIGNMENT;Батцэцэг Мягмар;Ерөөлт Цэдэв;2019-05-21T02:58:39;2019-05-20T19:00:01;2
3;Холбогдох ажлын төрөл. суурь нөхцөл шаардлагын дагуу инженер техникийн ажилчдын иргэний үнэмлэх. мэргэжлийн диплом. мэргэшсэн болон зөвлөх инженерийн гэрчилгээний хуулбаруудыг нотариатаар баталгаажуулж. хавсаргах;2019-05-20T12:17:59;ENGINEER_ASSESMENT;Хулан Жаргал;Нямжаргал Ням;2019-05-21T00:21:10;2019-05-20T21:01:02;3
4;Тусгай зөвшөөрлийн үйлчилгээний хөлс тушаасан баримтыг хавсаргах;2019-05-21T04:35:30;CONSTRUCTION_COMPLIANCE;Баярцэнгэл Уянга;Алтан Зоригт;2019-05-21T10:04:04;2019-05-20T18:32:55;4
5;Аж ахуйн нэгж. байгууллагууд үйл ажиллагааны тайлан мэдээгээ улирал бүр илгээж. тусгай зөвшөөрлийн хавсралтад тэмдэглэл хийлгэсэн байх.;2019-05-20T23:32:53;BLUEPRINT_APPROVAL;Алтанхүү Цэлмэг;Оюун Дөлгөөнтамир;2019-05-21T08:02:52;2019-05-21T10:20:46;5
6;Барилгын норм. норматив боловсруулах санд тусгай зөвшөөрөл авснаас хойших хугацаанд шимтгэл /төсөвт өртгөөс 0.18 хувиар/ төлсөн баримтуудын хуулбар хавсаргах /Барилга угсралтын болон өргөх байгууламжийн тусгай зөвшөөрөлтэй аж ахуй нэгжүүд хамаарна/;2019-05-20T18:09:12;ENGINEER_ASSESMENT;Баатар Доржсүрэн;Тамир Гэрэл;2019-05-20T14:13:49;2019-05-20T11:56:44;6
7;Улсын бүртгэлийн гэрчилгээний хуулбар. тусгай зөвшөөрлийн гэрчилгээний хуулбар.  зөвшөөрөл хүссэн албан тоот шаардлагатай;2019-05-20T19:11:11;ELECTRICITY_COMPLIANCE;Баатар Баярсайхан;Цолмон Энхбилэг;2019-05-20T15:58:25;2019-05-20T18:31:01;7
8;Холбогдох ажлын төрөл. суурь нөхцөл шаардлагын дагуу инженер техникийн ажилчдын иргэний үнэмлэх. мэргэжлийн диплом. мэргэшсэн болон зөвлөх инженерийн гэрчилгээний хуулбаруудыг нотариатаар\ баталгаажуулж. хавсаргах;2019-05-21T01:36:46;BLUEPRINT_APPROVAL;Хулан Бат-Эрдэнэ;Мягмарсүрэн Эрдэнэ;2019-05-20T17:20:35;2019-05-21T08:26:49;8
9;Зураг төсөл зохиогч байгууллагын танилцуулга. улсын бүртгэлийн болон тусгай зөвшөөрлийн гэрчилгээний хуулбар хавсаргах;2019-05-21T00:32:58;THERMAL_COMPLIANCE;Гантулаг Мөнх;Бат Соёл-Эрдэнэ;2019-05-20T19:56:26;2019-05-21T02:16:14;9
10;Барилгын үйл ажиллагаанд оролцогчийн буруутай үйлдэл. эс үйлдэхүйгээс гуравдагч этгээдийн амь нас. эрүүл мэнд. эд хөрөнгөд учирч болзошгүй хохирлыг даатгуулах. Гэнэтийн ослын болон хариуцлагын даатгалд даатгуулсан бол гэрчилгээг хавсаргах;2019-05-21T01:44:25;ENGINEER_ASSESMENT;Хулан Бат-Эрдэнэ;Хүрэлээ Цогт;2019-05-20T20:11:52;2019-05-20T16:50:29;10
11;Зураг төсөл зохиогч болон барилга. байгууламжийн ажил гүйцэтгэх ерөнхий ба туслан гүйцэтгэгч байгууллагуудын тусгай зөвшөөрлийн гэрчилгээний хуулбар /зөвшөөрлийн хугацаа дуусаагүй байх/ хавсаргах;2019-05-20T15:47:24;THERMAL_COMPLIANCE;Лхагвасүрэн Мөнх;Бат-Оргил Цэнд;2019-05-20T15:07:48;2019-05-21T02:14:19;11
12;Барилгын захиалагч. гүйцэтгэгч. зураг зохиогч хамтран гаргасан төлөвлөгөө. талбай зохион байгуулалтын зураг /зөвлөх үйлчилгээ үзүүлэх хуулийн этгээдтэй гэрээ байгуулсан бол хавсаргана/;2019-05-21T10:40:02;CONSTRUCTION_COMPLIANCE;Ганзориг Энх;Билэгт Цолмонбаатар;2019-05-20T23:22:02;2019-05-20T17:59:52;12
13;Урьд нь олгосон барилгын ажлыг эхлүүлэх. үргэлжлүүлэх зөвшөөрлийн гэрчилгээний эх хувь. /МХЕГ. НМХГ. БХБЯ-аас олгосон зөвшөөрөл бол эх хувь/. хавсаргах;2019-05-20T16:33:43;TELECOMUNICATION_COMPLIANCE;Батцэцэг БүрнээБаяр;Тулга Хүрэл-Эрдэнэ;2019-05-20T19:35:03;2019-05-20T13:27:55;13
14;Зураг зохиогчийн болон барилгын ажлыг гүйцэтгэх ерөнхий ба туслан гүйцэтгэгч байгууллагуудын улсын бүртгэлийн болон тусгай зөвшөөрлийн гэрчилгээний хуулбар хавсаргах;2019-05-20T23:38:25;OTHER_1;Алтангэрэл Цолмон;Цэнд Оюун-Эрдэнэ;2019-05-20T21:13:45;2019-05-21T01:21:37;14
15;Барилгын зориулалт өөрчлөгдснөөр батлагдсан Архитектур төлөвлөлтийн даалгаварт өөрчлөлт оруулсан баримт бичгийн эх хувь. Жич: Барилгын үндсэн бүтээцэд өөрчлөлт ороогүй байх.;2019-05-21T07:40:46;BLUEPRINT_APPROVAL;Баярцэнгэл Хулан;Хүрэлээ Гантулга;2019-05-21T04:44:13;2019-05-21T05:10:38;15
16;Газар эзэмших эрхийн гэрчилгээ. кадастрын зургийн наториатаар баталгаажуулсан хуулбар хавсаргах;2019-05-20T21:04:21;WATER_COMPLIANCE;Солонго Од;Уранчимэг Галт;2019-05-21T01:00:54;2019-05-21T01:32:45;15
17;Барилга. байгууламжийн ажил гүйцэтгэх ерөнхий ба туслан гүйцэтгэгч байгууллагуудын тусгай зөвшөөрлийн гэрчилгээний хуулбар /зөвшөөрлийн хугацаа дуусаагүй байх/ хавсаргах;2019-05-20T15:07:48;ELECTRICITY_COMPLIANCE;Жамц Ганчимэг;Ундрал Цэрэн;2019-05-20T16:33:43;2019-05-21T06:08:45;16
18;Барилга байгууламжийн угсралтын ажил нь удаан хугацаагаар зогссон болон хуучин барилгад шинэчлэлт хийх үед шинжээч томилж гаргасан дүгнэлтийн дагуу боловсруулсан зураг төсөл. улсын экпертизээр хянуулсан нэгдсэн дүгнэлттэй байна;2019-05-20T23:22:02;ENGINEER_ASSESMENT;Баатар Уянга;Нямжаргал Ням;2019-05-20T23:38:25;2019-05-20T19:38:07;17
19;Зөвшөөрөл олгогчоос барилгын ажлын зөвшөөрөл олгохоор шийдвэрлэсэн бол 1 дүгээр хавсралтад заасан маягтаар зөвшөөрлийг гарын үсэг. тамга. тэмдэгээр баталгаажуулан захиалагчид олгоно. Зөвшөөрлийг 3 хувь үйлдэж. 2 хувийг захиалагчид өгнө;2019-05-20T19:35:03;CONSTRUCTION_COMPLIANCE;Хонгор Батгэрэл;Алтан Зоригт;2019-05-21T07:40:46;2019-05-20T20:05:10;18
20;Захиалагч нь барилга байгууламжийн угсралтын ажлын явцад гарсан өөрчлөлт (гүйцэтгэгч болон даамал солигдох. захиалагчийн техникийн болон зохиогчийн хяналт гүйцэтгэгч өөрчлөгдөх. гүйцэтгэгчийн үйл ажиллагааны тугай зөвшөөрлийн эрхийн хугацаа дуусах. зураг төслийн шийдэлд томоохон өөрчлөлт орох зэрэг)-ийг цаг тухайд зөвшөөрөл олгосон газарт мэдэгдэж зөвшөөрөлд өөрчлөлт оруулж байх;2019-05-20T21:13:45;ENGINEER_ASSESMENT;Батбаяр Жаргал;Оюун Дөлгөөнтамир;2019-05-20T21:04:21;2019-05-20T11:25:01;19
21;Зөвшөөрөл олгогч барилгын ажлын зөвшөөрөл олгосон тухай мэдээг гэрчилгээ олгосон өдрөөс ажлын 7 хоногийн дотор Барилга. хот байгуулалтын яам. барилгын мэргэжлийн хяналтын байгууллагад хүргүүлнэ;019-05-21T04:44:13;ARCHITECTURE_ASSIGNMENT;Лхагвасүрэн Амартүвшин;Тамир Гэрэл;2019-05-20T15:07:48;2019-05-20T15:01:38;20
22;Барилгын ажлын зөвшөөрлийг олгохтой холбогдсон асуудлаар зөвшөөрөл олгогч нь хууль тогтоомжид заасан хариуцлага хүлээнэ;2019-05-21T01:00:54;OTHER_2;Ганзориг Энх;Цолмон Энхбилэг;2019-05-20T23:22:02;2019-05-20T23:06:41;21
23;Барилгын ажлын зөвшөөрлийг олгохтой холбогдож гарсан санал. гомдлыг холбогдох дээд шатны зөвшөөрөл олгогч хянан шийдвэрлэнэ. Энэ шийдвэрийг үндэслэлгүй гэж үзвэл маргааныг шүүх шийдвэрлэнэ;2019-05-20T16:33:43;ARCHITECTURE_ASSIGNMENT;Батцэцэг Мягмар;Мягмарсүрэн Эрдэнэ;2019-05-20T19:35:03;2019-05-20T13:27:55;22
24;Цогцолбороор баригдах барилга байгууламжийн хувьд технологийн нэгдмэл бус бүрдэл хэсэгт барилгын ажлын зөвшөөрөл олгохдоо цогцолборын эх загвар зураг төслийн болон тухайн хэсгийн ажлын зураг төслийн магадлалын дүгнэлтэд үндэслэн шийдвэрлэнэ;2019-05-20T23:38:25;ENGINEER_ASSESMENT;Хулан Жаргал;Бат Соёл-Эрдэнэ;2019-05-20T21:13:45;2019-05-21T01:21:37;23
25;Зөвшөөрөл олгох байгууллага тухайн нутаг дэвсгэрийн хэмжээнд барилгын ажлын зөвшөөрөл олгосон. цуцалсан. хугацаа сунгасан зэрэг асуудлаар бүртгэл хөтөлж. тайланг улирал тутам нэгтгэн гаргаж барилгын асуудал эрхэлсэн төрийн захиргааны төв байгууллагад хүргүүлнэ. ;2019-05-20T23:22:02;ENGINEER_ASSESMENT;Баярцэнгэл Уянга;Хүрэлээ Цогт;2019-05-21T04:44:13;2019-05-21T05:10:38;24
26;Барилгын ажлын зөвшөөрөл зохих ёсоор олгогдоогүй барилга байгууламжийн барилгын ажлыг эхлүүлэхийг хориглоно.;2019-05-20T19:35:03;CONSTRUCTION_COMPLIANCE;Алтанхүү Цэлмэг;Бат-Оргил Цэнд;2019-05-21T01:00:54;2019-05-21T01:32:45;25
27;Барилга байгууламжийн улаан. уур. хий. цэвэр. бохир ус. цахилгаан. харилцаа холбоо. дохиолол зэрэг эх үүсвэрт холболтыг дахин шалган хянуулах;2019-05-20T21:13:45;ENGINEER_ASSESMENT;Баатар Доржсүрэн;Чулуун Нямсүрэн;2019-05-20T16:33:43;2019-05-21T06:08:45;26
28;Барилга байгууламжийн хамгаалалтын горим гэж барилгын ажил түр зогсох хугацаанд барилга байгууламжийн чанар. аюулгүй байдлыг хангах. барилгын бүрэлдэхүүн хэсгийг эвдэрч гэмтэхээс хамгаалах. барилгын ажлыг үргэлжлүүлэх нөхцөл бүрдүүлэх;2019-05-21T04:44:13;WATER_COMPLIANCE;Баатар Баярсайхан;Гантөмөр Намуун;2019-05-20T23:38:25;2019-05-20T19:38:07;27
29;Барилга байгууламжийн зураг төсөл. технологи. өргөх байгууламжийн сонголт. хот болон архитектур төлөвлөлт. үндсэн бүтээцийн бат бэхийн шийдэл барилга байгууламжийн норм. нормативын баримт бичгийн шаардлага. хэрэглэгчийн аюулгүй байдлыг хангасан эсэхэд дүгнэлт гаргах хараат бус. бие даасан мэргэжлийн үйл ажиллагааг шалгах;2019-05-21T01:00:54;ENGINEER_ASSESMENT;Хулан Бат-Эрдэнэ;Цэцэн Хүслэн;2019-05-21T07:40:46;2019-05-20T20:05:10;28
30;Барилгын ажлын зөвшөөрөл олгох. барилгын ажлыг гүйцэтгэхэд шаардлагатай энэ хуульд заасны дагуу боловсруулж. баталгаажуулсан техникийн нөхцөлүүд. зураг төсөл.ажлын акт. талбайн журнал болон холбогдох бусад баримт бичгийг хавсаргах;2019-05-20T16:33:43;ENGINEER_ASSESMENT;Гантулаг Мөнх;Чулуунчимэг Болдхүү;2019-05-20T21:04:21;2019-05-20T11:25:01;29
