id;status;submitted_by;responded_by;submitted_at;responded_at;notes;current_total;updated_at;created_at;project_cost_estimate_id;file_id
1;ACCEPTED;Нямжаргал Ням;Алтан Зоригт;2019-05-21T04:26:29;2019-05-21T07:40:59;Засварын ажлыг өөрчлөх;100000;2019-05-21T07:40:46;2019-05-21T06:08:45;1;1
2;ACCEPTED;Алтан Зоригт;Оюун Дөлгөөнтамир;2019-05-20T17:34:09;2019-05-20T16:06:05;Засварын ажлыг өөрчлөх;30000;2019-05-20T21:04:21;2019-05-20T19:38:07;2;2
3;ACCEPTED;Оюун Дөлгөөнтамир;Тамир Гэрэл;2019-05-21T01:52:30;2019-05-21T08:11:42;Засварын ажлыг өөрчлөх;30000;2019-05-20T15:07:48;2019-05-20T20:05:10;3;3
4;ACCEPTED;Тамир Гэрэл;Цолмон Энхбилэг;2019-05-20T19:47:30;2019-05-20T23:39:23;Засварын ажлыг өөрчлөх;40000;2019-05-20T23:22:02;2019-05-20T11:25:01;4;4
5;ACCEPTED;Цолмон Энхбилэг;Мягмарсүрэн Эрдэнэ;2019-05-20T18:23:26;2019-05-21T07:11:46;Засварын ажлыг өөрчлөх;40000;2019-05-20T19:35:03;2019-05-20T15:01:38;5;5
6;ACCEPTED;Мягмарсүрэн Эрдэнэ;Бат Соёл-Эрдэнэ;2019-05-21T05:35:42;2019-05-20T19:31:15;Засварын ажлыг өөрчлөх;50000;2019-05-20T21:13:45;2019-05-20T23:06:41;6;6
7;ACCEPTED;Бат Соёл-Эрдэнэ;Хүрэлээ Цогт;2019-05-20T21:40:15;2019-05-20T18:11:35;Засварын ажлыг өөрчлөх;50000;2019-05-21T04:44:13;2019-05-20T13:27:55;7;7
8;ACCEPTED;Хүрэлээ Цогт;Бат-Оргил Цэнд;2019-05-21T05:18:57;2019-05-20T18:43:43;Засварын ажлыг өөрчлөх;60000;2019-05-21T01:00:54;2019-05-21T01:21:37;8;8
9;ACCEPTED;Бат-Оргил Цэнд;Чулуун Нямсүрэн;2019-05-20T15:47:24;2019-05-21T02:14:19;Засварын ажлыг өөрчлөх;60000;2019-05-20T16:33:43;2019-05-21T05:10:38;9;9
10;ACCEPTED;Чулуун Нямсүрэн;Гантөмөр Намуун;2019-05-21T10:40:02;2019-05-20T17:59:52;Засварын ажлыг өөрчлөх;60000;2019-05-20T23:38:25;2019-05-21T01:32:45;10;10
11;ACCEPTED;Гантөмөр Намуун;Цэцэн Хүслэн;2019-05-20T16:33:43;2019-05-20T13:27:55;Засварын ажлыг өөрчлөх;70000;2019-05-21T07:40:46;2019-05-21T06:08:45;11;11
12;ACCEPTED;Цэцэн Хүслэн;Чулуунчимэг Болдхүү;2019-05-20T23:38:25;2019-05-21T01:21:37;Засварын ажлыг өөрчлөх;70000;2019-05-20T21:04:21;2019-05-20T19:38:07;12;12
13;ACCEPTED;Чулуунчимэг Болдхүү;Хорол Цэдэвдамба;2019-05-21T07:40:46;2019-05-21T05:10:38;Засварын ажлыг өөрчлөх;70000;2019-05-20T15:07:48;2019-05-20T20:05:10;13;13
14;ACCEPTED;Хорол Цэдэвдамба;Билэгт Цолмонбаатар;2019-05-20T21:04:21;2019-05-21T01:32:45;Засварын ажлыг өөрчлөх;80000;2019-05-20T23:22:02;2019-05-20T11:25:01;14;14
15;ACCEPTED;Билэгт Цолмонбаатар;Саруул Энхгэрэл;2019-05-20T15:07:48;2019-05-21T06:08:45;Засварын ажлыг өөрчлөх;80000;2019-05-20T19:35:03;2019-05-20T15:01:38;15;15
16;ACCEPTED;Саруул Энхгэрэл;Ерөөлт Цэдэв;2019-05-20T23:22:02;2019-05-20T19:38:07;Засварын ажлыг өөрчлөх;80000;2019-05-20T21:13:45;2019-05-20T23:06:41;16;16
17;ACCEPTED;Ерөөлт Цэдэв;Нямжаргал Ням;2019-05-20T19:35:03;2019-05-20T20:05:10;Засварын ажлыг өөрчлөх;90000;2019-05-21T04:44:13;2019-05-20T13:27:55;17;17
18;ACCEPTED;Нямжаргал Ням;Алтан Зоригт;2019-05-20T21:13:45;2019-05-20T11:25:01;Засварын ажлыг өөрчлөх;90000;2019-05-21T01:00:54;2019-05-21T01:21:37;18;18
19;ACCEPTED;Алтан Зоригт;Оюун Дөлгөөнтамир;2019-05-21T04:44:13;2019-05-20T15:01:38;Засварын ажлыг өөрчлөх;90000;2019-05-20T16:33:43;2019-05-21T05:10:38;19;19
20;ACCEPTED;Оюун Дөлгөөнтамир;Тамир Гэрэл;2019-05-21T01:00:54;2019-05-20T23:06:41;Засварын ажлыг өөрчлөх;100000;2019-05-20T23:38:25;2019-05-21T01:32:45;20;20
21;ACCEPTED;Тамир Гэрэл;Цолмон Энхбилэг;2019-05-20T16:33:43;2019-05-20T13:27:55;Засварын ажлыг өөрчлөх;100000;2019-05-21T07:40:46;2019-05-21T06:08:45;21;21
22;ACCEPTED;Цолмон Энхбилэг;Мягмарсүрэн Эрдэнэ;2019-05-20T23:38:25;2019-05-21T01:21:37;Засварын ажлыг өөрчлөх;100000;2019-05-20T21:04:21;2019-05-20T19:38:07;22;22
23;ACCEPTED;Мягмарсүрэн Эрдэнэ;Бат Соёл-Эрдэнэ;2019-05-20T23:22:02;2019-05-21T05:10:38;Засварын ажлыг өөрчлөх;110000;2019-05-20T15:07:48;2019-05-20T20:05:10;23;23
24;ACCEPTED;Бат Соёл-Эрдэнэ;Хүрэлээ Цогт;2019-05-20T19:35:03;2019-05-21T01:32:45;Засварын ажлыг өөрчлөх;110000;2019-05-20T23:22:02;2019-05-20T11:25:01;24;24
25;ACCEPTED;Хүрэлээ Цогт;Бат-Оргил Цэнд;2019-05-20T21:13:45;2019-05-21T06:08:45;Засварын ажлыг өөрчлөх;110000;2019-05-20T19:35:03;2019-05-20T15:01:38;25;25
26;ACCEPTED;Бат-Оргил Цэнд;Билэгт Цолмонбаатар;2019-05-21T04:44:13;2019-05-20T19:38:07;Засварын ажлыг өөрчлөх;120000;2019-05-20T21:13:45;2019-05-20T23:06:41;26;26
27;ACCEPTED;Билэгт Цолмонбаатар;Хүдэр;2019-05-21T01:00:54;2019-05-20T20:05:10;Засварын ажлыг өөрчлөх;120000;2019-05-21T04:44:13;2019-05-20T13:27:55;27;27
28;ACCEPTED;Баярцэнгэл Хулан;Хүрэлээ Гантулга;2019-05-20T16:33:43;2019-05-20T11:25:01;Засварын ажлыг өөрчлөх;120000;2019-05-21T01:00:54;2019-05-21T01:21:37;28;28
29;ACCEPTED;Алтанхүү Цэлмэг;Гэрэлт Тулга;2019-05-20T23:38:25;2019-05-20T15:01:38;Засварын ажлыг өөрчлөх;130000;2019-05-20T16:33:43;2019-05-21T05:10:38;29;29
30;ACCEPTED;Жамц Нэргүй;Алтанхуяг Цэрэн;2019-05-21T07:40:46;2019-05-20T23:06:41;Засварын ажлыг өөрчлөх;130000;2019-05-20T23:38:25;2019-05-21T01:32:45;30;30
31;ACCEPTED;Баатар Цэрэнжав;Гал-Эрдэнэ Тогтох;2019-05-20T21:04:21;2019-05-20T13:27:55;Засварын ажлыг өөрчлөх;130000;2019-05-20T23:22:02;2019-05-20T11:25:01;31;31
32;ACCEPTED;Хулан Бат-Эрдэнэ;Алтанцэцэг Төгөлдөр;2019-05-21T01:00:54;2019-05-21T01:21:37;Засварын ажлыг өөрчлөх;140000;2019-05-20T19:35:03;2019-05-20T15:01:38;32;32
33;ACCEPTED;Чулуунчимэг Болдхүү;Хорол Цэдэвдамба;2019-05-21T07:40:46;2019-05-21T05:10:38;Засварын ажлыг өөрчлөх;140000;2019-05-20T15:07:48;2019-05-20T20:05:10;33;33
34;ACCEPTED;Хорол Цэдэвдамба;Билэгт Цолмонбаатар;2019-05-20T21:04:21;2019-05-21T01:32:45;Засварын ажлыг өөрчлөх;140000;2019-05-20T23:22:02;2019-05-20T11:25:01;34;34
35;ACCEPTED;Билэгт Цолмонбаатар;Саруул Энхгэрэл;2019-05-20T15:07:48;2019-05-21T06:08:45;Засварын ажлыг өөрчлөх;150000;2019-05-20T19:35:03;2019-05-20T15:01:38;35;35
36;ACCEPTED;Саруул Энхгэрэл;Ерөөлт Цэдэв;2019-05-20T23:22:02;2019-05-20T19:38:07;Засварын ажлыг өөрчлөх;150000;2019-05-20T21:13:45;2019-05-20T23:06:41;36;36
37;ACCEPTED;Ерөөлт Цэдэв;Нямжаргал Ням;2019-05-20T19:35:03;2019-05-20T20:05:10;Засварын ажлыг өөрчлөх;150000;2019-05-21T04:44:13;2019-05-20T13:27:55;37;37
38;ACCEPTED;Нямжаргал Ням;Алтан Зоригт;2019-05-20T21:13:45;2019-05-20T11:25:01;Засварын ажлыг өөрчлөх;150000;2019-05-21T01:00:54;2019-05-21T01:21:37;38;38
39;ACCEPTED;Нямжаргал Ням;Алтан Зоригт;2019-05-20T21:13:45;2019-05-20T11:25:01;Засварын ажлыг өөрчлөх;180000;2019-05-21T01:00:54;2019-05-21T01:21:37;1;39