id;status;purchaser;purchased_at;price_per_unit;discount;down_payment;payment_term;number_of_install;updated_by;updated_at;created_at
1;TO_BE_PURCHASED;Generic;2019-05-21T01:02:37;98233;88419;94473;FINANCED_BY_KHAANBANK;16703;Associate Intuitive Creative;2019-05-20T19:28:27;2019-05-21T05:31:55
2;TO_BE_PURCHASED;Shirt;2019-05-21T05:46:26;3673;95727;77958;FINANCED_BY_KHAANBANK;92775;Designer Ball;2019-05-21T01:33:21;2019-05-20T22:41:59
3;TO_BE_PURCHASED;Pre-emptive Reduced;2019-05-20T22:10:42;3486;89492;58008;FINANCED_BY_KHAANBANK;12951;HTTP Configuration;2019-05-20T14:22:29;2019-05-21T10:12:55
4;TO_BE_PURCHASED;ROI;2019-05-21T02:07:16;508;69571;72342;FINANCED_BY_KHAANBANK;8104;yellow Bond Markets Units European Composite Unit (EURCO) Tasty;2019-05-20T14:38:12;2019-05-21T09:35:21
5;TO_BE_PURCHASED;generating open-source Ouguiya;2019-05-20T21:29:17;86449;73390;87862;FINANCED_BY_KHAANBANK;85058;GB;2019-05-20T18:03:54;2019-05-21T03:02:58
6;TO_BE_PURCHASED;override Salad XSS;2019-05-20T14:08:29;46547;87907;82581;FINANCED_BY_KHAANBANK;33511;reboot;2019-05-21T07:12:26;2019-05-21T11:02:19
7;TO_BE_PURCHASED;asymmetric;2019-05-20T20:15:34;32643;55984;63181;FINANCED_BY_KHAANBANK;63400;Solomon Islands;2019-05-20T16:20:58;2019-05-21T07:58:58
8;TO_BE_PURCHASED;Italy;2019-05-20T11:57:14;84012;39215;63262;FINANCED_BY_KHAANBANK;10250;Directives Baht Tasty Plastic Keyboard;2019-05-20T18:04:10;2019-05-20T16:33:43
9;TO_BE_PURCHASED;proactive Checking Account;2019-05-21T09:58:04;85241;99014;97348;FINANCED_BY_KHAANBANK;75826;Movies Sports;2019-05-21T03:17:56;2019-05-21T02:08:30
10;TO_BE_PURCHASED;Dam;2019-05-21T04:29:55;46853;94430;42618;FINANCED_BY_KHAANBANK;16362;neural Guinea Franc;2019-05-21T05:46:01;2019-05-20T14:54:25
20;TO_BE_PURCHASED;Захиалагч1;2019-05-21T01:02:37;2500000;0;0;CASH;12;Хэрэглэгч1;2019-05-21T01:02:37;2019-05-21T01:02:37
21;TO_BE_PURCHASED;Захиалагч4;2019-05-21T01:02:38;2500000;0;0;CASH;12;Хэрэглэгч4;2019-05-21T01:02:38;2019-05-21T01:02:38
22;ORDER_RECEIVED;Захиалагч7;2019-05-21T01:02:39;2500000;0;56797500;CASH;12;Хэрэглэгч7;2019-05-21T01:02:39;2019-05-21T01:02:39
23;TO_BE_PURCHASED;Захиалагч3;2019-05-21T01:02:40;2500000;0;0;FINANCED_BY_OTHER;12;Хэрэглэгч3;2019-05-21T01:02:40;2019-05-21T01:02:40
24;BARTERED;Захиалагч5;2019-05-21T01:02:41;2500000;0;189325000;FINANCED_BY_OTHER;12;Хэрэглэгч5;2019-05-21T01:02:41;2019-05-21T01:02:41
25;BARTERED;Захиалагч2;2019-05-21T01:02:42;2500000;0;189325000;FINANCED_BY_OTHER;12;Хэрэглэгч2;2019-05-21T01:02:42;2019-05-21T01:02:42
26;TO_BE_PURCHASED;Захиалагч6;2019-05-21T01:02:43;2500000;0;0;FINANCED_BY_OTHER;12;Хэрэглэгч6;2019-05-21T01:02:43;2019-05-21T01:02:43
27;TO_BE_PURCHASED;Захиалагч1;2019-05-21T01:02:44;2500000;0;0;FINANCED_BY_OTHER;12;Хэрэглэгч1;2019-05-21T01:02:44;2019-05-21T01:02:44
28;TO_BE_PURCHASED;Захиалагч4;2019-05-21T01:02:45;2500000;0;0;FINANCED_BY_OTHER;12;Хэрэглэгч4;2019-05-21T01:02:45;2019-05-21T01:02:45
29;TO_BE_PURCHASED;Захиалагч7;2019-05-21T01:02:46;2500000;0;0;FINANCED_BY_OTHER;12;Хэрэглэгч1;2019-05-21T01:02:46;2019-05-21T01:02:46
30;BARTERED;Захиалагч3;2019-05-21T01:02:47;2500000;0;189325000;FINANCED_BY_OTHER;12;Хэрэглэгч4;2019-05-21T01:02:47;2019-05-21T01:02:47
31;TO_BE_PURCHASED;Захиалагч5;2019-05-21T01:02:48;2500000;0;0;FINANCED_BY_OTHER;12;Хэрэглэгч7;2019-05-21T01:02:48;2019-05-21T01:02:48
32;TO_BE_PURCHASED;Захиалагч2;2019-05-21T01:02:49;2500000;0;0;FINANCED_BY_OTHER;12;Хэрэглэгч3;2019-05-21T01:02:49;2019-05-21T01:02:49
33;TO_BE_PURCHASED;Захиалагч6;2019-05-21T01:02:50;2500000;0;0;FINANCED_BY_OTHER;12;Хэрэглэгч5;2019-05-21T01:02:50;2019-05-21T01:02:50
34;ORDER_RECEIVED;Захиалагч1;2019-05-21T01:02:51;2500000;0;65522500;CASH;12;Хэрэглэгч2;2019-05-21T01:02:51;2019-05-21T01:02:51
35;TO_BE_PURCHASED;Захиалагч4;2019-05-21T01:02:52;2500000;0;0;CASH;12;Хэрэглэгч6;2019-05-21T01:02:52;2019-05-21T01:02:52
36;TO_BE_PURCHASED;Захиалагч7;2019-05-21T01:02:53;2500000;0;0;CASH;12;Хэрэглэгч1;2019-05-21T01:02:53;2019-05-21T01:02:53
37;TO_BE_PURCHASED;Захиалагч3;2019-05-21T01:02:54;2500000;0;0;CASH;12;Хэрэглэгч4;2019-05-21T01:02:54;2019-05-21T01:02:54
38;ORDER_RECEIVED;Захиалагч5;2019-05-21T01:02:55;2500000;0;65522500;CASH;12;Хэрэглэгч1;2019-05-21T01:02:55;2019-05-21T01:02:55
39;TO_BE_PURCHASED;Захиалагч2;2019-05-21T01:02:56;2500000;0;0;CASH;12;Хэрэглэгч4;2019-05-21T01:02:56;2019-05-21T01:02:56
40;TO_BE_PURCHASED;Захиалагч6;2019-05-21T01:02:57;2500000;0;0;CASH;12;Хэрэглэгч7;2019-05-21T01:02:57;2019-05-21T01:02:57
41;ORDER_RECEIVED;Захиалагч1;2019-05-21T01:02:58;2500000;0;65522500;CASH;12;Хэрэглэгч3;2019-05-21T01:02:58;2019-05-21T01:02:58
42;TO_BE_PURCHASED;Захиалагч4;2019-05-21T01:02:59;2500000;0;0;CASH;12;Хэрэглэгч5;2019-05-21T01:02:59;2019-05-21T01:02:59
43;ORDER_RECEIVED;Захиалагч7;2019-05-21T01:02:60;2500000;0;65522500;CASH;12;Хэрэглэгч2;2019-05-21T01:02:60;2019-05-21T01:02:60
44;BARTERED;Захиалагч3;2019-05-21T01:02:61;2500000;0;218408333;CASH;12;Хэрэглэгч6;2019-05-21T01:02:61;2019-05-21T01:02:61
45;TO_BE_PURCHASED;Захиалагч5;2019-05-21T01:02:62;2500000;0;0;CASH;12;Хэрэглэгч1;2019-05-21T01:02:62;2019-05-21T01:02:62
46;TO_BE_PURCHASED;Захиалагч2;2019-05-21T01:02:63;2500000;0;0;CASH;12;Хэрэглэгч4;2019-05-21T01:02:63;2019-05-21T01:02:63
47;ORDER_RECEIVED;Захиалагч6;2019-05-21T01:02:64;2500000;0;65522500;CASH;12;Хэрэглэгч1;2019-05-21T01:02:64;2019-05-21T01:02:64
48;ORDER_RECEIVED;Захиалагч1;2019-05-21T01:02:65;2500000;0;65522500;CASH;12;Хэрэглэгч4;2019-05-21T01:02:65;2019-05-21T01:02:65
49;ORDER_RECEIVED;Захиалагч4;2019-05-21T01:02:66;2500000;0;65522500;CASH;12;Хэрэглэгч7;2019-05-21T01:02:66;2019-05-21T01:02:66
50;TO_BE_PURCHASED;Захиалагч7;2019-05-21T01:02:67;2500000;0;0;CASH;12;Хэрэглэгч3;2019-05-21T01:02:07;2019-05-21T01:02:07
51;TO_BE_PURCHASED;Захиалагч3;2019-05-21T01:02:68;2500000;0;0;CASH;12;Хэрэглэгч5;2019-05-21T01:02:08;2019-05-21T01:02:08
52;TO_BE_PURCHASED;Захиалагч5;2019-05-21T01:02:69;2500000;0;0;FINANCED_BY_OTHER;12;Хэрэглэгч2;2019-05-21T01:02:09;2019-05-21T01:02:09
53;TO_BE_PURCHASED;Захиалагч2;2019-05-21T01:02:70;2500000;0;0;FINANCED_BY_OTHER;12;Хэрэглэгч6;2019-05-21T01:02:00;2019-05-21T01:02:00
54;TO_BE_PURCHASED;Захиалагч6;2019-05-21T01:02:71;2500000;0;0;FINANCED_BY_OTHER;12;Хэрэглэгч1;2019-05-21T01:02:01;2019-05-21T01:02:01
55;TO_BE_PURCHASED;Захиалагч1;2019-05-21T01:02:72;2500000;0;0;FINANCED_BY_OTHER;12;Хэрэглэгч4;2019-05-21T01:02:02;2019-05-21T01:02:02
56;ORDER_RECEIVED;Захиалагч4;2019-05-21T01:02:73;2500000;0;65522500;CASH;12;Хэрэглэгч1;2019-05-21T01:02:03;2019-05-21T01:02:03
57;ORDER_RECEIVED;Захиалагч7;2019-05-21T01:02:74;2500000;0;65522500;CASH;12;Хэрэглэгч4;2019-05-21T01:02:04;2019-05-21T01:02:04
58;ORDER_RECEIVED;Захиалагч3;2019-05-21T01:02:75;2500000;0;65522500;CASH;12;Хэрэглэгч7;2019-05-21T01:02:05;2019-05-21T01:02:05
59;ORDER_RECEIVED;Захиалагч5;2019-05-21T01:02:76;2500000;0;65522500;CASH;12;Хэрэглэгч3;2019-05-21T01:02:06;2019-05-21T01:02:06
60;ORDER_RECEIVED;Захиалагч2;2019-05-21T01:02:77;2500000;0;65522500;CASH;12;Хэрэглэгч5;2019-05-21T01:02:07;2019-05-21T01:02:07
61;ORDER_RECEIVED;Захиалагч6;2019-05-21T01:02:78;2500000;0;65522500;CASH;12;Хэрэглэгч2;2019-05-21T01:02:08;2019-05-21T01:02:08
62;ORDER_RECEIVED;Захиалагч1;2019-05-21T01:02:79;2500000;0;65522500;CASH;12;Хэрэглэгч6;2019-05-21T01:02:09;2019-05-21T01:02:09
63;ORDER_RECEIVED;Захиалагч4;2019-05-21T01:02:80;2500000;0;65522500;CASH;12;Хэрэглэгч1;2019-05-21T01:02:00;2019-05-21T01:02:00
64;TO_BE_PURCHASED;Захиалагч7;2019-05-21T01:02:81;2500000;0;0;FINANCED_BY_OTHER;12;Хэрэглэгч4;2019-05-21T01:02:01;2019-05-21T01:02:01
65;TO_BE_PURCHASED;Захиалагч3;2019-05-21T01:02:82;2500000;0;0;FINANCED_BY_OTHER;12;Хэрэглэгч1;2019-05-21T01:02:02;2019-05-21T01:02:02
66;BARTERED;Захиалагч5;2019-05-21T01:02:83;2500000;0;218408333;FINANCED_BY_OTHER;12;Хэрэглэгч4;2019-05-21T01:02:03;2019-05-21T01:02:03
67;TO_BE_PURCHASED;Захиалагч2;2019-05-21T01:02:84;2500000;0;0;FINANCED_BY_OTHER;12;Хэрэглэгч7;2019-05-21T01:02:04;2019-05-21T01:02:04
68;TO_BE_PURCHASED;Захиалагч6;2019-05-21T01:02:85;2500000;0;0;FINANCED_BY_OTHER;12;Хэрэглэгч3;2019-05-21T01:02:05;2019-05-21T01:02:05
69;TO_BE_PURCHASED;Захиалагч1;2019-05-21T01:02:86;2500000;0;0;FINANCED_BY_OTHER;12;Хэрэглэгч5;2019-05-21T01:02:06;2019-05-21T01:02:06
70;ORDER_RECEIVED;Захиалагч4;2019-05-21T01:02:87;2500000;0;65522500;CASH;12;Хэрэглэгч2;2019-05-21T01:02:07;2019-05-21T01:02:07
71;ORDER_RECEIVED;Захиалагч7;2019-05-21T01:02:88;2500000;0;65522500;CASH;12;Хэрэглэгч6;2019-05-21T01:02:08;2019-05-21T01:02:08
72;ORDER_RECEIVED;Захиалагч3;2019-05-21T01:02:89;2500000;0;65522500;CASH;12;Хэрэглэгч1;2019-05-21T01:02:09;2019-05-21T01:02:09
73;ORDER_RECEIVED;Захиалагч5;2019-05-21T01:02:90;2500000;0;65522500;CASH;12;Хэрэглэгч4;2019-05-21T01:02:00;2019-05-21T01:02:00
74;ORDER_RECEIVED;Захиалагч2;2019-05-21T01:02:91;2500000;0;65522500;CASH;12;Хэрэглэгч1;2019-05-21T01:02:01;2019-05-21T01:02:01
75;TO_BE_PURCHASED;Захиалагч6;2019-05-21T01:02:92;2500000;0;0;CASH;12;Хэрэглэгч4;2019-05-21T01:02:02;2019-05-21T01:02:02
76;TO_BE_PURCHASED;Захиалагч1;2019-05-21T01:02:93;2500000;0;0;FINANCED_BY_OTHER;12;Хэрэглэгч7;2019-05-21T01:02:03;2019-05-21T01:02:03
77;TO_BE_PURCHASED;Захиалагч4;2019-05-21T01:02:94;2500000;0;0;FINANCED_BY_OTHER;12;Хэрэглэгч3;2019-05-21T01:02:04;2019-05-21T01:02:04
78;TO_BE_PURCHASED;Захиалагч7;2019-05-21T01:02:95;2500000;0;0;FINANCED_BY_OTHER;12;Хэрэглэгч5;2019-05-21T01:02:05;2019-05-21T01:02:05
79;BARTERED;Захиалагч3;2019-05-21T01:02:96;2500000;0;273000000;FINANCED_BY_OTHER;12;Хэрэглэгч2;2019-05-21T01:02:06;2019-05-21T01:02:06
80;TO_BE_PURCHASED;Захиалагч5;2019-05-21T01:02:97;2500000;0;0;FINANCED_BY_KHAANBANK;12;Хэрэглэгч6;2019-05-21T01:02:07;2019-05-21T01:02:07
81;TO_BE_PURCHASED;Захиалагч2;2019-05-21T01:02:98;2500000;0;0;FINANCED_BY_KHAANBANK;12;Хэрэглэгч1;2019-05-21T01:02:08;2019-05-21T01:02:08
82;TO_BE_PURCHASED;Захиалагч6;2019-05-21T01:02:99;2500000;0;0;FINANCED_BY_KHAANBANK;12;Хэрэглэгч4;2019-05-21T01:02:09;2019-05-21T01:02:09
83;TO_BE_PURCHASED;Захиалагч1;2019-05-21T01:02:100;2500000;0;0;FINANCED_BY_KHAANBANK;12;Хэрэглэгч1;2019-05-21T01:02:10;2019-05-21T01:02:10
84;TO_BE_PURCHASED;Захиалагч4;2019-05-21T01:02:101;2500000;0;0;FINANCED_BY_KHAANBANK;12;Хэрэглэгч4;2019-05-21T01:02:10;2019-05-21T01:02:10
85;TO_BE_PURCHASED;Захиалагч7;2019-05-21T01:02:102;2500000;0;0;FINANCED_BY_KHAANBANK;12;Хэрэглэгч7;2019-05-21T01:02:10;2019-05-21T01:02:10
86;TO_BE_PURCHASED;Захиалагч3;2019-05-21T01:02:103;2500000;0;0;FINANCED_BY_KHAANBANK;12;Хэрэглэгч3;2019-05-21T01:02:10;2019-05-21T01:02:10
87;TO_BE_PURCHASED;Захиалагч5;2019-05-21T01:02:104;2500000;0;0;FINANCED_BY_KHAANBANK;12;Хэрэглэгч5;2019-05-21T01:02:10;2019-05-21T01:02:10
88;TO_BE_PURCHASED;Захиалагч2;2019-05-21T01:02:105;2500000;0;0;FINANCED_BY_KHAANBANK;12;Хэрэглэгч2;2019-05-21T01:02:10;2019-05-21T01:02:10
89;TO_BE_PURCHASED;Захиалагч6;2019-05-21T01:02:106;2500000;0;0;FINANCED_BY_KHAANBANK;12;Хэрэглэгч6;2019-05-21T01:02:10;2019-05-21T01:02:10
90;BARTERED;Захиалагч1;2019-05-21T01:02:107;2500000;0;221875000;FINANCED_BY_KHAANBANK;12;Хэрэглэгч1;2019-05-21T01:02:10;2019-05-21T01:02:10
91;TO_BE_PURCHASED;Захиалагч4;2019-05-21T01:02:108;2500000;0;0;FINANCED_BY_KHAANBANK;12;Хэрэглэгч4;2019-05-21T01:02:10;2019-05-21T01:02:10
92;TO_BE_PURCHASED;Захиалагч7;2019-05-21T01:02:109;2500000;0;0;FINANCED_BY_KHAANBANK;12;Хэрэглэгч1;2019-05-21T01:02:10;2019-05-21T01:02:10
93;TO_BE_PURCHASED;Захиалагч3;2019-05-21T01:02:110;2500000;0;0;FINANCED_BY_KHAANBANK;12;Хэрэглэгч4;2019-05-21T01:02:11;2019-05-21T01:02:11
94;ORDER_RECEIVED;Захиалагч5;2019-05-21T01:02:111;2500000;0;66562500;CASH;12;Хэрэглэгч7;2019-05-21T01:02:11;2019-05-21T01:02:11
95;ORDER_RECEIVED;Захиалагч2;2019-05-21T01:02:112;2500000;0;81900000;CASH;12;Хэрэглэгч3;2019-05-21T01:02:11;2019-05-21T01:02:11
96;ORDER_RECEIVED;Захиалагч6;2019-05-21T01:02:113;2500000;0;66562500;CASH;12;Хэрэглэгч5;2019-05-21T01:02:11;2019-05-21T01:02:11
97;ORDER_RECEIVED;Захиалагч1;2019-05-21T01:02:114;2500000;0;81900000;CASH;12;Хэрэглэгч2;2019-05-21T01:02:11;2019-05-21T01:02:11
98;ORDER_RECEIVED;Захиалагч4;2019-05-21T01:02:115;2500000;0;66562500;CASH;12;Хэрэглэгч6;2019-05-21T01:02:11;2019-05-21T01:02:11
99;TO_BE_PURCHASED;Захиалагч7;2019-05-21T01:02:116;2500000;0;0;CASH;12;Хэрэглэгч1;2019-05-21T01:02:11;2019-05-21T01:02:11
100;TO_BE_PURCHASED;Захиалагч3;2019-05-21T01:02:117;2500000;0;0;CASH;12;Хэрэглэгч4;2019-05-21T01:02:11;2019-05-21T01:02:11
101;BARTERED;Захиалагч5;2019-05-21T01:02:118;2500000;0;273000000;CASH;12;Хэрэглэгч1;2019-05-21T01:02:11;2019-05-21T01:02:11
102;TO_BE_PURCHASED;Захиалагч2;2019-05-21T01:02:119;2500000;0;0;CASH;12;Хэрэглэгч4;2019-05-21T01:02:11;2019-05-21T01:02:11
103;TO_BE_PURCHASED;Захиалагч6;2019-05-21T01:02:120;2500000;0;0;FINANCED_BY_KHAANBANK;12;Хэрэглэгч7;2019-05-21T01:02:12;2019-05-21T01:02:12
104;TO_BE_PURCHASED;Захиалагч1;2019-05-21T01:02:121;2500000;0;0;FINANCED_BY_KHAANBANK;12;Хэрэглэгч3;2019-05-21T01:02:12;2019-05-21T01:02:12
105;TO_BE_PURCHASED;Захиалагч4;2019-05-21T01:02:122;2500000;0;0;FINANCED_BY_KHAANBANK;12;Хэрэглэгч5;2019-05-21T01:02:12;2019-05-21T01:02:12
106;TO_BE_PURCHASED;Захиалагч7;2019-05-21T01:02:123;2500000;0;0;FINANCED_BY_KHAANBANK;12;Хэрэглэгч2;2019-05-21T01:02:12;2019-05-21T01:02:12
107;TO_BE_PURCHASED;Захиалагч3;2019-05-21T01:02:124;2500000;0;0;FINANCED_BY_KHAANBANK;12;Хэрэглэгч6;2019-05-21T01:02:12;2019-05-21T01:02:12
108;TO_BE_PURCHASED;Захиалагч5;2019-05-21T01:02:125;2500000;0;0;FINANCED_BY_KHAANBANK;12;Хэрэглэгч1;2019-05-21T01:02:12;2019-05-21T01:02:12
109;TO_BE_PURCHASED;Захиалагч2;2019-05-21T01:02:126;2500000;0;0;FINANCED_BY_KHAANBANK;12;Хэрэглэгч4;2019-05-21T01:02:12;2019-05-21T01:02:12
110;BARTERED;Захиалагч6;2019-05-21T01:02:127;2500000;0;221875000;FINANCED_BY_KHAANBANK;12;Хэрэглэгч1;2019-05-21T01:02:12;2019-05-21T01:02:12
111;TO_BE_PURCHASED;Захиалагч1;2019-05-21T01:02:128;2500000;0;0;FINANCED_BY_KHAANBANK;12;Хэрэглэгч4;2019-05-21T01:02:12;2019-05-21T01:02:12
112;TO_BE_PURCHASED;Захиалагч4;2019-05-21T01:02:129;2500000;0;0;FINANCED_BY_KHAANBANK;12;Хэрэглэгч7;2019-05-21T01:02:12;2019-05-21T01:02:12
113;ORDER_RECEIVED;Захиалагч7;2019-05-21T01:02:130;2500000;0;81900000;CASH;12;Хэрэглэгч3;2019-05-21T01:02:13;2019-05-21T01:02:13
114;ORDER_RECEIVED;Захиалагч3;2019-05-21T01:02:131;2500000;0;66562500;CASH;12;Хэрэглэгч5;2019-05-21T01:02:13;2019-05-21T01:02:13
115;ORDER_RECEIVED;Захиалагч5;2019-05-21T01:02:132;2500000;0;81900000;CASH;12;Хэрэглэгч2;2019-05-21T01:02:13;2019-05-21T01:02:13
116;ORDER_RECEIVED;Захиалагч2;2019-05-21T01:02:133;2500000;0;66562500;CASH;12;Хэрэглэгч6;2019-05-21T01:02:13;2019-05-21T01:02:13
117;ORDER_RECEIVED;Захиалагч6;2019-05-21T01:02:134;2500000;0;81900000;CASH;12;Хэрэглэгч1;2019-05-21T01:02:13;2019-05-21T01:02:13
118;TO_BE_PURCHASED;Захиалагч1;2019-05-21T01:02:135;2500000;0;0;CASH;12;Хэрэглэгч4;2019-05-21T01:02:13;2019-05-21T01:02:13
119;TO_BE_PURCHASED;Захиалагч4;2019-05-21T01:02:136;2500000;0;0;CASH;12;Хэрэглэгч1;2019-05-21T01:02:13;2019-05-21T01:02:13
120;TO_BE_PURCHASED;Захиалагч7;2019-05-21T01:02:137;2500000;0;0;CASH;12;Хэрэглэгч4;2019-05-21T01:02:13;2019-05-21T01:02:13
121;BARTERED;Захиалагч3;2019-05-21T01:02:138;2500000;0;273000000;CASH;12;Хэрэглэгч7;2019-05-21T01:02:13;2019-05-21T01:02:13
122;TO_BE_PURCHASED;Захиалагч5;2019-05-21T01:02:139;2500000;0;0;FINANCED_BY_KHAANBANK;12;Хэрэглэгч3;2019-05-21T01:02:13;2019-05-21T01:02:13
123;TO_BE_PURCHASED;Захиалагч2;2019-05-21T01:02:140;2500000;0;0;FINANCED_BY_KHAANBANK;12;Хэрэглэгч5;2019-05-21T01:02:14;2019-05-21T01:02:14
124;TO_BE_PURCHASED;Захиалагч6;2019-05-21T01:02:141;2500000;0;0;FINANCED_BY_KHAANBANK;12;Хэрэглэгч2;2019-05-21T01:02:14;2019-05-21T01:02:14
125;TO_BE_PURCHASED;Захиалагч1;2019-05-21T01:02:142;2500000;0;0;FINANCED_BY_KHAANBANK;12;Хэрэглэгч6;2019-05-21T01:02:14;2019-05-21T01:02:14
126;BARTERED;Захиалагч4;2019-05-21T01:02:143;2500000;0;221875000;FINANCED_BY_KHAANBANK;12;Хэрэглэгч1;2019-05-21T01:02:14;2019-05-21T01:02:14
127;TO_BE_PURCHASED;Захиалагч7;2019-05-21T01:02:144;2500000;0;0;FINANCED_BY_KHAANBANK;12;Хэрэглэгч4;2019-05-21T01:02:14;2019-05-21T01:02:14
128;TO_BE_PURCHASED;Захиалагч3;2019-05-21T01:02:145;2500000;0;0;FINANCED_BY_KHAANBANK;12;Хэрэглэгч1;2019-05-21T01:02:14;2019-05-21T01:02:14
129;TO_BE_PURCHASED;Захиалагч5;2019-05-21T01:02:146;2500000;0;0;FINANCED_BY_KHAANBANK;12;Хэрэглэгч4;2019-05-21T01:02:14;2019-05-21T01:02:14
130;TO_BE_PURCHASED;Захиалагч2;2019-05-21T01:02:147;2500000;0;0;FINANCED_BY_KHAANBANK;12;Хэрэглэгч7;2019-05-21T01:02:14;2019-05-21T01:02:14
131;TO_BE_PURCHASED;Захиалагч6;2019-05-21T01:02:148;2500000;0;0;FINANCED_BY_KHAANBANK;12;Хэрэглэгч3;2019-05-21T01:02:14;2019-05-21T01:02:14
132;TO_BE_PURCHASED;Захиалагч1;2019-05-21T01:02:149;1333333;0;0;FINANCED_BY_KHAANBANK;12;Хэрэглэгч5;2019-05-21T01:02:14;2019-05-21T01:02:14
133;TO_BE_PURCHASED;Захиалагч4;2019-05-21T01:02:150;1333333;0;0;FINANCED_BY_KHAANBANK;12;Хэрэглэгч2;2019-05-21T01:02:15;2019-05-21T01:02:15
134;TO_BE_PURCHASED;Захиалагч7;2019-05-21T01:02:151;1333333;0;0;FINANCED_BY_KHAANBANK;12;Хэрэглэгч6;2019-05-21T01:02:15;2019-05-21T01:02:15
135;TO_BE_PURCHASED;Захиалагч3;2019-05-21T01:02:152;1333333;0;0;FINANCED_BY_KHAANBANK;12;Хэрэглэгч1;2019-05-21T01:02:15;2019-05-21T01:02:15
136;TO_BE_PURCHASED;Захиалагч5;2019-05-21T01:02:153;1333333;0;0;FINANCED_BY_KHAANBANK;12;Хэрэглэгч4;2019-05-21T01:02:15;2019-05-21T01:02:15
137;ORDER_RECEIVED;Захиалагч2;2019-05-21T01:02:154;1333333;0;6000000;CASH;12;Хэрэглэгч1;2019-05-21T01:02:15;2019-05-21T01:02:15
138;ORDER_RECEIVED;Захиалагч6;2019-05-21T01:02:155;1333333;0;6000000;CASH;12;Хэрэглэгч4;2019-05-21T01:02:15;2019-05-21T01:02:15
139;ORDER_RECEIVED;Захиалагч1;2019-05-21T01:02:156;1333333;0;6000000;CASH;12;Хэрэглэгч7;2019-05-21T01:02:15;2019-05-21T01:02:15
140;ORDER_RECEIVED;Захиалагч4;2019-05-21T01:02:157;1333333;0;6000000;CASH;12;Хэрэглэгч3;2019-05-21T01:02:15;2019-05-21T01:02:15
141;ORDER_RECEIVED;Захиалагч7;2019-05-21T01:02:158;1333333;0;6000000;CASH;12;Хэрэглэгч5;2019-05-21T01:02:15;2019-05-21T01:02:15
142;ORDER_RECEIVED;Захиалагч3;2019-05-21T01:02:159;1333333;0;6000000;CASH;12;Хэрэглэгч2;2019-05-21T01:02:15;2019-05-21T01:02:15
143;ORDER_RECEIVED;Захиалагч5;2019-05-21T01:02:160;1333333;0;6000000;CASH;12;Хэрэглэгч6;2019-05-21T01:02:16;2019-05-21T01:02:16
144;ORDER_RECEIVED;Захиалагч2;2019-05-21T01:02:161;1333333;0;6000000;CASH;12;Хэрэглэгч1;2019-05-21T01:02:16;2019-05-21T01:02:16
145;TO_BE_PURCHASED;Захиалагч6;2019-05-21T01:02:162;1333333;0;0;CASH;12;Хэрэглэгч4;2019-05-21T01:02:16;2019-05-21T01:02:16
146;TO_BE_PURCHASED;Захиалагч1;2019-05-21T01:02:163;1333333;0;0;CASH;12;Хэрэглэгч1;2019-05-21T01:02:16;2019-05-21T01:02:16
147;TO_BE_PURCHASED;Захиалагч4;2019-05-21T01:02:164;1333333;0;0;CASH;12;Хэрэглэгч4;2019-05-21T01:02:16;2019-05-21T01:02:16
148;TO_BE_PURCHASED;Захиалагч7;2019-05-21T01:02:165;1333333;0;0;CASH;12;Хэрэглэгч7;2019-05-21T01:02:16;2019-05-21T01:02:16
149;BARTERED;Захиалагч3;2019-05-21T01:02:166;2500000;0;152548333;CASH;12;Хэрэглэгч3;2019-05-21T01:02:16;2019-05-21T01:02:16
150;TO_BE_PURCHASED;Захиалагч5;2019-05-21T01:02:167;2500000;0;0;CASH;12;Хэрэглэгч5;2019-05-21T01:02:16;2019-05-21T01:02:16
151;TO_BE_PURCHASED;Захиалагч2;2019-05-21T01:02:168;2500000;0;0;CASH;12;Хэрэглэгч2;2019-05-21T01:02:16;2019-05-21T01:02:16
152;TO_BE_PURCHASED;Захиалагч6;2019-05-21T01:02:169;2500000;0;0;CASH;12;Хэрэглэгч6;2019-05-21T01:02:16;2019-05-21T01:02:16
153;TO_BE_PURCHASED;Захиалагч1;2019-05-21T01:02:170;2500000;0;0;CASH;12;Хэрэглэгч1;2019-05-21T01:02:17;2019-05-21T01:02:17
