id;name;created_by;updated_by;updated_at;created_at
1;ArchJS LLC;Баярцэнгэл Хулан;Хүрэлээ Гантулга;2019-05-21T07:40:46;2019-05-21T06:08:45
2;Хүрд ХК;Алтанхүү Цэлмэг;Гэрэлт Тулга;2019-05-20T21:04:21;2019-05-20T19:38:07
3;Ондилт ХХК;Жамц Нэргүй;Алтанхуяг Цэрэн;2019-05-20T15:07:48;2019-05-20T20:05:10
4;Сэнзо констракшн ХХК;Баатар Цэрэнжав;Гал-Эрдэнэ Тогтох;2019-05-20T23:22:02;2019-05-20T11:25:01
5;Пирамид индастри ХХК;Хулан Бат-Эрдэнэ;Алтанцэцэг Төгөлдөл;2019-05-20T19:35:03;2019-05-20T15:01:38
6;МГБИ ХХК;Батбаяр Баяр;Оюунчимэг Дөлгөөн;2019-05-20T21:13:45;2019-05-20T23:06:41
7;АМЕРИКАН СТАНДАРТ ХХК;Лхагвасүрэн Мөнх;Цэрэндаш Лхамаа;2019-05-21T04:44:13;2019-05-20T13:27:55
8;Комплант ХХК;Ганзориг Энх;Цолмон Энхбилэг;2019-05-21T01:00:54;2019-05-21T01:21:37
9;Билгүүн Хийц ХХК;Батцэцэг БүрнээБаяр;Тулга Хүрэл-Эрдэнэ;2019-05-20T16:33:43;2019-05-21T05:10:38
10;Тасо ХХК;Алтангэрэл Цолмон;Цэнд Оюун-Эрдэнэ;2019-05-20T23:38:25;2019-05-21T01:32:45
11;Люксвүүд Групп ХХК;Баярцэнгэл Хулан;Хүрэлээ Гантулга;2019-05-21T07:40:46;2019-05-21T06:08:45
12;Их Гурван Марал Групп ХХК;Солонго Од;Уранчимэг Галт;2019-05-20T21:04:21;2019-05-20T19:38:07
13;Тэдмэнт ХХК;Жамц Ганчимэг;Ундрал Цэрэн;2019-05-20T15:07:48;2019-05-20T20:05:10
14;ПиСиДиПи ХХК;Баатар Уянга;Нямжаргал Ням;2019-05-20T23:22:02;2019-05-20T11:25:01
15;Бөх Цайз ХХК;Хонгор Батгэрэл;Алтан Зоригт;2019-05-20T19:35:03;2019-05-20T15:01:38
16;Гэрэлтжин ХХК;Батбаяр Жаргал;Оюун Дөлгөөнтамир;2019-05-20T21:13:45;2019-05-20T23:06:41
17;Пийс Алюминум ХХК;Лхагвасүрэн Амартүвшин;Тамир Гэрэл;2019-05-21T04:44:13;2019-05-20T13:27:55
18;Монгол Ташуур Констракшн;Ганзориг Энх;Цолмон Энхбилэг;2019-05-21T01:00:54;2019-05-21T01:21:37
19;“СТИЙЛ ЭНД КОНКРИЙТ” ХХК;Батцэцэг Мягмар;Мягмарсүрэн Эрдэнэ;2019-05-20T16:33:43;2019-05-21T05:10:38
20;Атмор ХХК;Хулан Жаргал;Бат Соёл-Эрдэнэ;2019-05-20T23:38:25;2019-05-21T01:32:45
21;NOTS LLC / ЭН ӨҮ ТИ ЭС ХХК;Баярцэнгэл Уянга;Хүрэлээ Цогт;2019-05-21T07:40:46;2019-05-21T06:08:45
22;Хан-Аттрибут ХХК;Алтанхүү Цэлмэг;Бат-Оргил Цэнд;2019-05-20T21:04:21;2019-05-20T19:38:07
23;ECC ХХК;Баатар Доржсүрэн;Чулуун Нямсүрэн;2019-05-20T15:07:48;2019-05-20T20:05:10
24;Батс Өргөө ХХК;Баатар Баярсайхан;Гантөмөр Намуун;2019-05-20T23:22:02;2019-05-20T11:25:01
25;Их Хайрхан Констракшн;Хулан Бат-Эрдэнэ;Цэцэн Хүслэн;2019-05-20T19:35:03;2019-05-20T15:01:38
26;Progrex LLC - Прогрэкс;Гантулга Мөнх;Чулуунчимэг Болдхүү;2019-05-20T21:13:45;2019-05-20T23:06:41
27;Бийрийн уулс ХХК;Лхагвасүрэн Дарьмаа;Хорол Цэдэвдамба;2019-05-21T04:44:13;2019-05-20T13:27:55
28;Эм Пи Ай Консалтантс ХХК;Энх-Оргил;Билэгт Цолмонбаатар;2019-05-21T01:00:54;2019-05-21T01:21:37
29;Томобюлдинг ХХК;Баярт Цэндсүрэн;Саруул Энхгэрэл;2019-05-20T16:33:43;2019-05-21T05:10:38
30;Голден Лайт Групп ХХК;Уянга Улсболд;Ерөөлт Цэдэв;2019-05-20T23:38:25;2019-05-21T01:32:45
31;Тасума ХХК;Баатар Уянга;Нямжаргал Ням;2019-05-20T23:22:02;2019-05-20T11:25:01
32;Ти энд Жи ХХК;Хонгор Батгэрэл;Алтан Зоригт;2019-05-20T19:35:03;2019-05-20T15:01:38
33;Топ цонх шил ХХК;Батбаяр Жаргал;Оюун Дөлгөөнтамир;2019-05-20T21:13:45;2019-05-20T23:06:41
34;Вольф групп ХХК;Лхагвасүрэн Амартүвшин;Тамир Гэрэл;2019-05-21T04:44:13;2019-05-20T13:27:55
35;Төмөрт транс ХХК;Ганзориг Энх;Цолмон Энхбилэг;2019-05-21T01:00:54;2019-05-21T01:21:37
36;Альянс-Тех ХХК;Батцэцэг Мягмар;Мягмарсүрэн Эрдэнэ;2019-05-20T16:33:43;2019-05-21T05:10:38
37;Гэрчулуу;Хулан Жаргал;Бат Соёл-Эрдэнэ;2019-05-20T23:38:25;2019-05-21T01:32:45
38;Дельта Констракшн ХХК;Баярцэнгэл Уянга;Хүрэлээ Цогт;2019-05-21T07:40:46;2019-05-21T06:08:45
39;Монгол Хавтан ХХК;Алтанхүү Цэлмэг;Бат-Оргил Цэнд;2019-05-20T21:04:21;2019-05-20T19:38:07
40;Эс Си констракшн ХХК;Энх-Оргил Батсайхан;Билэгт Цолмонбаатар;2019-05-21T01:00:54;2019-05-21T01:21:37
