id;jhi_type;notes;created_by;updated_by;project_id
1;FIRST_ASSESMENT;Брилгын гадна фасад. төлөвлөлтийг орчны барилга байгууламжуудтай уялдуулан шинэлэг байдлаар шийдвэрлэх. орны газар олголт барилгажилтаас хамаарч барилгын хойд ба урд талыг эдэлбэр газрын хязгаараас 6-25м. баруунсы 10-15м зайнд төлөвлөх;Батцэцэг Мягмар;Хүрэлээ Гантулга;1
2;ADDITIONAL_GRANT;Өмчийн хэлбэрийг үл харгалзан барилга. байгууламжийг паспортжуулах. тэдгээрийн чанар. насжилтыг тодорхойлох. газар хөдлөлтөд тэсвэрлэх чадварт хянан баталгаажуулалт хийх. эрсдэлтэй барилга. байгууламжийн зориулалтыг өөрчлөх. хүчитгэх. буулгах саналыг оруулах;Хулан Жаргал;Гэрэлт Тулга;1
3;FIRST_ASSESMENT;Барилгын суурь хөрсний инженер геологийн нөхцлийг /хөрсний тогтоц. усны нөхцөл. хөлдөлт. суулт г.м/ тодорхойлуулах. энэ чиглэлээр мэргэжлийн байгууллагатай хамтарч ажиллах;Баярцэнгэл Уянга;Алтанхуяг Цэрэн;2
4;FIRST_ASSESMENT;Барилгын суурийн ашиглалтын төлөв байдал. бетоны бат бэхийг шалгах зорилгоор шурф /нүх/ ухах ажлыг зохион байгуулах;Алтанхүү Цэлмэг;Гал-Эрдэнэ Тогтох;2
5;GRANT;Барилгын чанартай холбоотой зарим норм. дүрэм стандартыг шинэчлэх. шинээр нэвтрүүлэх талаар холбогдох яам болон эрх бүхий мэргэжлийн байгууллагуудад санал гаргах;Баатар Доржсүрэн;Алтанцэцэг Төгөлдөл;3
6;GRANT;Иргэд олон нийтэд барилга байгууламжийн чанар аюулгүй байдал. гамшгийн эрсдэлийн талаар сурталчилгааны ажлыг мэргэжлийн байгууллагуудтай хамтарч зохион байгуулах;Баатар Баярсайхан;Оюунчимэг Дөлгөөн;3
7;GRANT;Барилгын суурийн ашиглалтын төлөв байдал. бетоны бат бэхийг шалгах зорилгоор шурф /нүх/ ухах ажлыг зохион байгуулах;Хулан Бат-Эрдэнэ;Цэрэндаш Лхамаа;3
8;GRANT;Барилга байгууламжийн газар хөдлөлтөд тэсвэрлэх чадварт төлбөртэй үнэлгээ хийх.байгууламжийн чанар аюулгүй байдлын талаар зөвлөмж. гарын авлага бэлтгэх;Гантулаг Мөнх;Цолмон Энхбилэг;4
9;GRANT;Газар хөдлөлтийн гамшгийн эрсдлээс хамгаалах менежментийн төлөвлөгөө боловсруулах. барилга байгууламжийн газар хөдлөлтөд тэсвэрлэх чадварт төлбөртэй үнэлгээ хийх;Лхагвасүрэн Дарьмаа;Тулга Хүрэл-Эрдэнэ;5
10;GRANT;Орчны явган зам. талбай. орц гарцыг хаахгүй. аюулгүй орчныг бүрдүүлсэн. төлөвлөлт хийх. Талбайн зохион байгуулалтын зургийг хавсаргах;Энх-Оргил;Цэнд Оюун-Эрдэнэ;5
11;GRANT;Инженерийн шугам сүлжээний хамгаалалтын зурвас. Норм дүрэм стандартыг баримтлан төлөвлөх;Баярт Цэндсүрэн;Хүрэлээ Гантулга;6
12;GRANT;Магадлал хийлгэсэн ажлын зургийн дагуу барилгын тэг тэнхлэг тавиулж. барилын ажлыг эхлүүлэх;Уянга Улсболд;Уранчимэг Галт;7
13;MID_ASSESMENT;Төмөр бетон каркас араг бүтэц бүхий 4-15 давхар барилга /зоорьтой/	;Баатар Уянга;Ундрал Цэрэн;8
14;GRANT;12.8м х 25.8м. 50.2м х 56м. 30.0м х 30.0м. 30.0м х 22.0м хэмжээнүүдтэй 5 блок барилга;Хонгор Батгэрэл;Нямжаргал Ням;9
15;MID_ASSESMENT;Эдэлбэр газарт газрын зураглалын тодруулалт хийлгэх. газар доорхи болон дээрхи шугам сүлжээний зураг төслийг мэргэжлийн байгууллагаар хянуулах;Батбаяр Жаргал;Алтан Зоригт;10
16;MID_ASSESMENT;Орчинтой уялдуулж ногоон байгууламжийн шийдэл гаргах. барилгын гадна гэрэлтүүлгийг цогцоор нь төлөвлөх. зөвшөөрөлгүй хашаа барихгүй байх;Лхагвасүрэн Амартүвшин;Оюун Дөлгөөнтамир;11
17;MID_ASSESMENT;Барилгын чанартай холбоотой зарим норм. дүрэм стандартыг шинэчлэх. шинээр нэвтрүүлэх талаар холбогдох яам болон эрх бүхий мэргэжлийн байгууллагуудад санал гаргах;Ганзориг Энх;Тамир Гэрэл;12
18;MID_ASSESMENT;Барилын талбайн ажлын хэсэг нь барилгын ойролцоох гаднах орчинд зорчих иргэд. олон нийтийн аюулгүй байдлыг хангасан. тэдний нэвтрэх боломжийг хязгаарласан хашаагаар хамгаалагдсан байна. Барилгын талбайн хамгаалалтын хашаа нь 3м-ээс багагүй өндөртэй. хотын өнгө үзэмжинд нийцсэн байх ба хүн зорчих хэсэгт хамгаалалтын үргэлжилсэн саравчтай байна. Саравч нь гадны ачааллын үйлчлэлийг даахаар тооцогдон хийгдсэн байна.;Батцэцэг Мягмар;Цолмон Энхбилэг;13
19;ADDITIONAL_GRANT;Барилгын ажил эхлүүлэх. үргэлжүүлэх зөвшөөрөл.Талбайн зохион байгуулалтын зураг;Хулан Жаргал;Мягмарсүрэн Эрдэнэ;14
20;ADDITIONAL_GRANT;Барилгын ажлын талбайн журнал.дулаан. уур. цэвэр. бохир ус. цахилгаан. холбоожуулалтыг дахин шалгаж үзэх;Баярцэнгэл Уянга;Бат Соёл-Эрдэнэ;15
21;ADDITIONAL_GRANT;Барилгын галын аюулгүй байдлын шаардлагыг бүрэн тусгасан байх. нэмэлтээр аюулгүй байдлын төхөөрөмжүүдийг суулгах.;Алтанхүү Цэлмэг;Хүрэлээ Цогт;16
22;ADDITIONAL_GRANT;Ашиглалтад хүлээлгэж өгөөгүй барилга байгууламжийг барилгын ажлын явцад шаардагдах цахилгаан. дулаан. халуун. хүйтэн усаар түр хангах бөгөөд байнгын ашиглалтад хүлээн аваагүй барилга байгууламжийг цахилгаан. холбоо. дулаан. халуун. хүйтэн усаар хангахыг хориглоно.;Энх-Оргил;Бат-Оргил Цэнд;17
23;FIRST_ASSESMENT;Барилга байгууламж барих. шинэчлэх. өргөтгөх. засварлах ажилд олон улсын болон үндэсний стандартын шаардлага хангаагүй. гарал үүсэл. тохирлын гэрчилгээгүй. материал. эдлэхүүн болон барилгын хэв хашмалын тулаасанд мод хэрэглэхийг хориглоно.;Мягмарсүрэн Эрдэнэ;Чулуун Нямсүрэн;18
24;ADDITIONAL_GRANT;Байгууламж нь дуу чимээ. доргио. утаа. хорт хий. өндөр үелзлэл. хог хаягдал. цацраг идэвхт бодис. хөрсний бохирдлоос хүрээлэн байгаа орчныг хамгаалсан байх;Бат Соёл-Эрдэнэ;Гантөмөр Намуун;19
25;ADDITIONAL_GRANT;Цахилгаан шат. гадна талын байгууламжын орчинд хөгжлийн бэрхшээлтэй иргэдийн хэрэгцээг хангах арга хэмжээг тусгасан;Хүрэлээ Цогт;Цэцэн Хүслэн;20
26;FIRST_ASSESMENT;Барилгын гадна талбайд хүүхдийн тоглоомын байгууламжыг дахин хянаж тохижуулах;Бат-Оргил Цэнд;Чулуунчимэг Болдхүү;21
27;FIRST_ASSESMENT;Явган зорчигын зам. гадна талбайд иргэдэд байгууламж нэмэх;Чулуун Нямсүрэн;Хорол Цэдэвдамба;22
28;ADDITIONAL_GRANT;Барилгын үйл явцад зэргэлдээ барилга байгууламжийн ашиглалтын хэвийн нөхцөл байдлыг алдагдуулаагүй байх;Гантөмөр Намуун;Билэгт Цолмонбаатар;23
29;FIRST_ASSESMENT;Барилыгн үйл явцад материал. түлш. эрчим хүч. усны нөөцийг хэмнэлттэй ашиглах нөхцөлийг бүрдүүлсэн байх;Цэцэн Хүслэн;Саруул Энхгэрэл;24
30;FIRST_ASSESMENT;Барилгын чанарын баталгаат хугацаа гурван жил байна. Иргэдийн амь нас. эрүүл мэнд. байгаль орчинд сөрөг нөлөөгүй байх;Чулуунчимэг Болдхүү;Ерөөлт Цэдэв;25
