id;jhi_number;area;jhi_type;updated_by;building_id;trade_id;release_id
1;101;42.53;FLAT;B. Batjargal;1;1;1
2;102;42.53;FLAT;B. Batjargal;1;2;2
3;001;25.36;GARAGE;B. Batjargal;1;;3
4;002;25.36;GARAGE;B. Batjargal;1;4;
5;101;75.56;FLAT;B. Batjargal;2;5;5
6;102;73.85;FLAT;B. Batjargal;2;6;6
7;103;77;FLAT;Jon Doe;2;7;
8;104;66;FLAT;Jon Doe;2;;8
9;101;123.54;SERVICE;B. Batjargal;3;9;9
10;102;136.56;SERVICE;B. Batjargal;3;10;10
20;1;75.73;FLAT;Хэрэглэгч1;11;20;
21;2;75.73;FLAT;Хэрэглэгч4;11;21;
22;3;75.73;FLAT;Хэрэглэгч7;11;22;
23;4;75.73;FLAT;Хэрэглэгч3;11;23;
24;5;75.73;FLAT;Хэрэглэгч5;11;24;
25;6;75.73;FLAT;Хэрэглэгч2;11;25;
26;7;75.73;FLAT;Хэрэглэгч6;11;26;
27;8;75.73;FLAT;Хэрэглэгч1;11;27;
28;9;75.73;FLAT;Хэрэглэгч4;11;28;
29;10;75.73;FLAT;Хэрэглэгч7;11;29;
30;11;75.73;FLAT;Хэрэглэгч3;11;30;
31;12;75.73;FLAT;Хэрэглэгч5;11;31;
32;13;75.73;FLAT;Хэрэглэгч2;11;32;
33;14;75.73;FLAT;Хэрэглэгч6;11;33;
34;15;87.36;FLAT;Хэрэглэгч1;11;34;
35;16;87.36;FLAT;Хэрэглэгч4;11;35;
36;17;87.36;FLAT;Хэрэглэгч7;11;36;
37;18;87.36;FLAT;Хэрэглэгч3;11;37;
38;19;87.36;FLAT;Хэрэглэгч5;11;38;
39;20;87.36;FLAT;Хэрэглэгч2;11;39;
40;21;87.36;FLAT;Хэрэглэгч6;11;40;
41;22;87.36;FLAT;Хэрэглэгч1;11;41;
42;23;87.36;FLAT;Хэрэглэгч4;11;42;
43;24;87.36;FLAT;Хэрэглэгч7;11;43;
44;25;87.36;FLAT;Хэрэглэгч3;11;44;
45;26;87.36;FLAT;Хэрэглэгч5;11;45;
46;27;87.36;FLAT;Хэрэглэгч2;11;46;
47;28;87.36;FLAT;Хэрэглэгч6;11;47;
48;29;87.36;FLAT;Хэрэглэгч1;11;48;
49;30;87.36;FLAT;Хэрэглэгч4;11;49;
50;31;87.36;FLAT;Хэрэглэгч7;11;50;
51;32;87.36;FLAT;Хэрэглэгч3;11;51;
52;33;87.36;FLAT;Хэрэглэгч5;11;52;
53;34;87.36;FLAT;Хэрэглэгч2;11;53;
54;35;87.36;FLAT;Хэрэглэгч6;11;54;
55;36;87.36;FLAT;Хэрэглэгч1;11;55;
56;37;87.36;FLAT;Хэрэглэгч4;11;56;
57;38;87.36;FLAT;Хэрэглэгч7;11;57;
58;39;87.36;FLAT;Хэрэглэгч3;11;58;
59;40;87.36;FLAT;Хэрэглэгч5;11;59;
60;41;87.36;FLAT;Хэрэглэгч2;11;60;
61;42;87.36;FLAT;Хэрэглэгч6;11;61;
62;43;87.36;FLAT;Хэрэглэгч1;11;62;
63;44;87.36;FLAT;Хэрэглэгч4;11;63;
64;45;87.36;FLAT;Хэрэглэгч7;11;64;
65;46;87.36;FLAT;Хэрэглэгч3;11;65;
66;47;87.36;FLAT;Хэрэглэгч5;11;66;
67;48;87.36;FLAT;Хэрэглэгч2;11;67;
68;49;87.36;FLAT;Хэрэглэгч6;11;68;
69;50;87.36;FLAT;Хэрэглэгч1;11;69;
70;51;87.36;FLAT;Хэрэглэгч4;11;70;
71;52;87.36;FLAT;Хэрэглэгч7;11;71;
72;53;87.36;FLAT;Хэрэглэгч3;11;72;
73;54;87.36;FLAT;Хэрэглэгч5;11;73;
74;55;87.36;FLAT;Хэрэглэгч2;11;74;
75;56;87.36;FLAT;Хэрэглэгч6;11;75;
76;57;88.75;FLAT;Хэрэглэгч1;11;76;
77;58;109.20;FLAT;Хэрэглэгч4;11;77;
78;59;88.75;FLAT;Хэрэглэгч7;11;78;
79;60;109.20;FLAT;Хэрэглэгч3;11;79;
80;61;88.75;FLAT;Хэрэглэгч5;11;80;
81;62;109.20;FLAT;Хэрэглэгч2;11;81;
82;63;88.75;FLAT;Хэрэглэгч6;11;82;
83;64;109.20;FLAT;Хэрэглэгч1;11;83;
84;65;88.75;FLAT;Хэрэглэгч4;11;84;
85;66;109.20;FLAT;Хэрэглэгч7;11;85;
86;67;88.75;FLAT;Хэрэглэгч3;11;86;
87;68;109.20;FLAT;Хэрэглэгч5;11;87;
88;69;88.75;FLAT;Хэрэглэгч2;11;88;
89;70;109.20;FLAT;Хэрэглэгч6;11;89;
90;71;88.75;FLAT;Хэрэглэгч1;11;90;
91;72;109.20;FLAT;Хэрэглэгч4;11;91;
92;73;88.75;FLAT;Хэрэглэгч7;11;92;
93;74;109.20;FLAT;Хэрэглэгч3;11;93;
94;75;88.75;FLAT;Хэрэглэгч5;11;94;
95;76;109.20;FLAT;Хэрэглэгч2;11;95;
96;77;88.75;FLAT;Хэрэглэгч6;11;96;
97;78;109.20;FLAT;Хэрэглэгч1;11;97;
98;79;88.75;FLAT;Хэрэглэгч4;11;98;
99;80;109.20;FLAT;Хэрэглэгч7;11;99;
100;81;88.75;FLAT;Хэрэглэгч3;11;100;
101;82;109.20;FLAT;Хэрэглэгч5;11;101;
102;83;88.75;FLAT;Хэрэглэгч2;11;102;
103;84;109.20;FLAT;Хэрэглэгч6;11;103;
104;85;88.75;FLAT;Хэрэглэгч1;11;104;
105;86;109.20;FLAT;Хэрэглэгч4;11;105;
106;87;88.75;FLAT;Хэрэглэгч7;11;106;
107;88;109.20;FLAT;Хэрэглэгч3;11;107;
108;89;88.75;FLAT;Хэрэглэгч5;11;108;
109;90;109.20;FLAT;Хэрэглэгч2;11;109;
110;91;88.75;FLAT;Хэрэглэгч6;11;110;
111;92;109.20;FLAT;Хэрэглэгч1;11;111;
112;93;88.75;FLAT;Хэрэглэгч4;11;112;
113;94;109.20;FLAT;Хэрэглэгч7;11;113;
114;95;88.75;FLAT;Хэрэглэгч3;11;114;
115;96;109.20;FLAT;Хэрэглэгч5;11;115;
116;97;88.75;FLAT;Хэрэглэгч2;11;116;
117;98;109.20;FLAT;Хэрэглэгч6;11;117;
118;99;88.75;FLAT;Хэрэглэгч1;11;118;
119;100;109.20;FLAT;Хэрэглэгч4;11;119;
120;101;88.75;FLAT;Хэрэглэгч7;11;120;
121;102;109.20;FLAT;Хэрэглэгч3;11;121;
122;103;88.75;FLAT;Хэрэглэгч5;11;122;
123;104;109.20;FLAT;Хэрэглэгч2;11;123;
124;105;88.75;FLAT;Хэрэглэгч6;11;124;
125;106;109.20;FLAT;Хэрэглэгч1;11;125;
126;107;88.75;FLAT;Хэрэглэгч4;11;126;
127;108;109.20;FLAT;Хэрэглэгч7;11;127;
128;109;88.75;FLAT;Хэрэглэгч3;11;128;
129;110;109.20;FLAT;Хэрэглэгч5;11;129;
130;111;88.75;FLAT;Хэрэглэгч2;11;130;
131;112;109.20;FLAT;Хэрэглэгч6;11;131;
132;1;15.00;GARAGE;Хэрэглэгч2;11;132;
133;2;15.00;GARAGE;Хэрэглэгч6;11;133;
134;3;15.00;GARAGE;Хэрэглэгч1;11;134;
135;4;15.00;GARAGE;Хэрэглэгч4;11;135;
136;5;15.00;GARAGE;Хэрэглэгч7;11;136;
137;6;15.00;GARAGE;Хэрэглэгч3;11;137;
138;7;15.00;GARAGE;Хэрэглэгч5;11;138;
139;8;15.00;GARAGE;Хэрэглэгч2;11;139;
140;9;15.00;GARAGE;Хэрэглэгч6;11;140;
141;10;15.00;GARAGE;Хэрэглэгч2;11;141;
142;11;15.00;GARAGE;Хэрэглэгч6;11;142;
143;12;15.00;GARAGE;Хэрэглэгч1;11;143;
144;13;15.00;GARAGE;Хэрэглэгч4;11;144;
145;14;15.00;GARAGE;Хэрэглэгч7;11;145;
146;15;15.00;GARAGE;Хэрэглэгч3;11;146;
147;16;15.00;GARAGE;Хэрэглэгч5;11;147;
148;17;15.00;GARAGE;Хэрэглэгч2;11;148;
149;1;61.02;SERVICE;Хэрэглэгч6;11;149;
150;2;137.00;SERVICE;Хэрэглэгч2;11;150;
151;3;137.00;SERVICE;Хэрэглэгч6;11;151;
152;4;137.00;SERVICE;Хэрэглэгч1;11;152;
153;5;212.98;SERVICE;Хэрэглэгч4;11;153;
