id;name;path;created_by;created_at
1;Creek;"content/images/init-cost-estimate.png";Mouse Rupiah;2019-05-20T19:02:39
2;Soap teal Licensed Wooden Pants;"content/images/init-cost-estimate.png";Awesome;2019-05-21T02:31:18
3;Regional;"content/images/init-cost-estimate.png";alliance Licensed Plaza;2019-05-21T09:35:58
4;systemic;"content/images/init-cost-estimate.png";cultivate Bedfordshire;2019-05-20T17:46:23
5;Small Wooden Ball Metal Bond Markets Units European Composite Unit (EURCO);"content/images/init-cost-estimate.png";back-end enhance;2019-05-21T02:00:38
6;Toys;"content/images/init-cost-estimate.png";internet solution;2019-05-21T02:50:07
7;Ranch impactful;"content/images/init-cost-estimate.png";pixel Pennsylvania;2019-05-21T04:15:17
8;customized payment;"content/images/init-cost-estimate.png";Personal Loan Account;2019-05-21T05:39:27
9;24/7;"content/images/init-cost-estimate.png";digital;2019-05-21T09:08:23
10;Andorra;"content/images/init-cost-estimate.png";incubate Agent TCP;2019-05-20T15:21:54
11;Creek;"content/images/init-cost-estimate.png";Mouse Rupiah;2019-05-20T19:02:39
12;Soap teal Licensed Wooden Pants;"content/images/init-cost-estimate.png";Awesome;2019-05-21T02:31:18
13;Regional;"content/images/init-cost-estimate.png";alliance Licensed Plaza;2019-05-21T09:35:58
14;systemic;"content/images/init-cost-estimate.png";cultivate Bedfordshire;2019-05-20T17:46:23
15;Small Wooden Ball Metal Bond Markets Units European Composite Unit (EURCO);"content/images/init-cost-estimate.png";back-end enhance;2019-05-21T02:00:38
16;Toys;"content/images/init-cost-estimate.png";internet solution;2019-05-21T02:50:07
17;Ranch impactful;"content/images/init-cost-estimate.png";pixel Pennsylvania;2019-05-21T04:15:17
18;customized payment;"content/images/init-cost-estimate.png";Personal Loan Account;2019-05-21T05:39:27
19;24/7;"content/images/init-cost-estimate.png";digital;2019-05-21T09:08:23
20;Andorra;"content/images/init-cost-estimate.png";incubate Agent TCP;2019-05-20T15:21:54
21;Creek;"content/images/init-cost-estimate.png";Mouse Rupiah;2019-05-20T19:02:39
22;Soap teal Licensed Wooden Pants;"content/images/init-cost-estimate.png";Awesome;2019-05-21T02:31:18
23;Regional;"content/images/init-cost-estimate.png";alliance Licensed Plaza;2019-05-21T09:35:58
24;systemic;"content/images/init-cost-estimate.png";cultivate Bedfordshire;2019-05-20T17:46:23
25;Small Wooden Ball Metal Bond Markets Units European Composite Unit (EURCO);"content/images/init-cost-estimate.png";back-end enhance;2019-05-21T02:00:38
26;Toys;"content/images/init-cost-estimate.png";internet solution;2019-05-21T02:50:07
27;Ranch impactful;"content/images/init-cost-estimate.png";pixel Pennsylvania;2019-05-21T04:15:17
28;customized payment;"content/images/init-cost-estimate.png";Personal Loan Account;2019-05-21T05:39:27
29;24/7;"content/images/init-cost-estimate.png";digital;2019-05-21T09:08:23
30;Andorra;"content/images/init-cost-estimate.png";incubate Agent TCP;2019-05-20T15:21:54
31;Creek;"content/images/init-cost-estimate.png";Mouse Rupiah;2019-05-20T19:02:39
32;Soap teal Licensed Wooden Pants;"content/images/init-cost-estimate.png";Awesome;2019-05-21T02:31:18
33;Regional;"content/images/init-cost-estimate.png";alliance Licensed Plaza;2019-05-21T09:35:58
34;systemic;"content/images/init-cost-estimate.png";cultivate Bedfordshire;2019-05-20T17:46:23
35;Small Wooden Ball Metal Bond Markets Units European Composite Unit (EURCO);"content/images/init-cost-estimate.png";back-end enhance;2019-05-21T02:00:38
36;Toys;"content/images/init-cost-estimate.png";internet solution;2019-05-21T02:50:07
37;Ranch impactful;"content/images/init-cost-estimate.png";pixel Pennsylvania;2019-05-21T04:15:17
38;customized payment;"content/images/init-cost-estimate.png";Personal Loan Account;2019-05-21T05:39:27
39;customized payment;"content/images/cost-estimate-2.png";Personal Loan Account;2019-05-21T05:39:27
