id;released_date;notes;status;release_number;updated_by;updated_at;created_at
1;2019-05-21T07:38:44;Berkshire;NOT_RELEASED;77580;Tactics;2019-05-21T09:19:39;2019-05-20T22:38:26
2;2019-05-20T22:14:38;PCI;NOT_RELEASED;7857;monetize Frozen;2019-05-20T21:26:41;2019-05-21T06:14:42
3;2019-05-20T18:31:07;neural green Chicken;NOT_RELEASED;12421;Lead Personal Loan Account Checking Account;2019-05-20T20:21:18;2019-05-20T22:04:28
4;2019-05-21T03:53:37;Accountability Assurance Auto Loan Account;NOT_RELEASED;89481;Montserrat synthesizing;2019-05-21T00:12:36;2019-05-20T23:31:26
5;2019-05-20T19:37:11;Central African Republic;NOT_RELEASED;65029;Trafficway;2019-05-20T20:17:16;2019-05-21T05:48:16
6;2019-05-21T03:10:09;Hill override PNG;NOT_RELEASED;55536;alarm;2019-05-21T05:34:58;2019-05-21T03:05:24
7;2019-05-20T11:09:14;Analyst deposit;NOT_RELEASED;22056;web-readiness;2019-05-21T06:10:47;2019-05-21T04:52:52
8;2019-05-20T14:53:42;Pizza Assurance;NOT_RELEASED;34593;drive Analyst Awesome Fresh Hat;2019-05-20T21:10:39;2019-05-20T20:57:08
9;2019-05-21T00:32:20;interface;NOT_RELEASED;79295;withdrawal Planner;2019-05-21T04:15:11;2019-05-20T13:10:08
10;2019-05-21T02:26:45;benchmark;NOT_RELEASED;13156;interface Investor Tuna;2019-05-21T05:21:52;2019-05-21T02:07:02
