id;name;status;due_date;loan_amount;grants_open_until;users;created_by;updated_by;updated_at;created_at;company_id
1;Цэлмэг хотхон;IN_PROGRESS;2019-08-21T00:51:18;85000000000;2019-09-20T22:52:58;Чулуун Нямсүрэн;Алтанцэцэг Төгөлдөл;Нямжаргал Ням;2019-05-20T22:17:00;2019-05-20T20:48:44;2
2;Garden City хотхон;FINISHED;2019-05-21T03:19:44;15000000000;2019-05-20T15:37:43;Гантөмөр Намуун;Жавзандулам Нацаг;Алтан Зоригт;2019-05-20T12:45:25;2019-05-20T14:38:53;4
3;River garden 2 хотхон;IN_PROGRESS;2019-05-20T21:16:41;25000000000;2019-09-20T14:51:42;Цэцэн Хүслэн;Отгонбаяр Хэрлэн;Оюун Дөлгөөнтамир;2019-05-20T19:06:03;2019-05-20T19:51:19;2
4;RIVER PLAZA;FINISHED;2019-05-21T00:31:35;50000000000;2019-05-21T02:01:08;Чулуунчимэг Болдхүү;Нацагдорж Пүрэвдулам;Тамир Гэрэл;2019-05-20T13:18:37;2019-05-21T05:34:08;1
5;Цагаан Хуаран хотхон;CANCELLED;2019-05-21T03:01:40;30000000000;2019-05-21T07:43:22;Хорол Цэдэвдамба;Жавзмаа Хорол;Цолмон Энхбилэг;2019-05-21T03:35:03;2019-05-20T18:05:53;3
6;Дөлгөөн нуур apartment;IN_PROGRESS;2019-05-20T21:23:17;15000000000;2019-05-20T16:46:00;Билэгт Цолмонбаатар;Батцэнгэл Ууганзаяа;Мягмарсүрэн Эрдэнэ;2019-05-21T07:28:03;2019-05-20T23:23:35;1
7;Амар амгалан 3;IN_PROGRESS;2019-05-20T22:02:24;15000000000;2019-05-21T05:01:20;Саруул Энхгэрэл;Намсрай Чойжил;Бат Соёл-Эрдэнэ;2019-05-21T07:23:06;2019-05-20T13:10:52;1
8;ДЭЛГЭРЭХ ХОТХОН;IN_PROGRESS;2019-05-20T14:08:05;20000000000;2019-05-20T12:41:41;Ерөөлт Цэдэв;Ухнаа Дорждулам;Хүрэлээ Цогт;2019-05-20T17:23:27;2019-05-21T08:33:48;1
9;НАРНЫ ХОРООЛОЛ IV-р ЭЭЛЖ;IN_PROGRESS;2019-05-20T14:55:55;85000000000;2019-05-21T08:04:25;Нямжаргал Ням;Жавхлан Ихэрцэцэг;Бат-Оргил Цэнд;2019-05-21T03:03:41;2019-05-21T08:19:23;1
10;Цэлмэг хотхон;FINISHED;2019-05-21T00:12:44;85000000000;2019-05-21T05:40:30;Алтан Зоригт;Энх  Баяртулга;Чулуун Нямсүрэн;2019-05-20T13:06:34;2019-05-21T03:35:24;1
11;Garden City хотхон;FINISHED;2019-08-21T00:51:18;85000000000;2019-09-20T22:52:58;Оюун Дөлгөөнтамир;Дуламсүрэн Бат;Гантөмөр Намуун;2019-05-20T22:17:00;2019-05-20T20:48:44;2
12;River garden 2 хотхон;FINISHED;2019-05-21T03:19:44;15000000000;2019-05-20T15:37:43;Тамир Гэрэл;Цойж Наранбаяр;Цэцэн Хүслэн;2019-05-20T12:45:25;2019-05-20T14:38:53;4
13;НАРТ хороолол;FINISHED;2019-05-20T21:16:41;25000000000;2019-09-20T14:51:42;Цолмон Энхбилэг;Дамдин Хүрэлсүх;Чулуунчимэг Болдхүү;2019-05-20T19:06:03;2019-05-20T19:51:19;2
14;Хүннү2222 резиденс;FINISHED;2019-05-21T00:31:35;50000000000;2019-05-21T02:01:08;Мягмарсүрэн Эрдэнэ;Номин Гантулга;Хорол Цэдэвдамба;2019-05-20T13:18:37;2019-05-21T05:34:08;1
15;PEACE Apartment;CANCELLED;2019-05-21T03:01:40;30000000000;2019-05-21T07:43:22;Бат Соёл-Эрдэнэ;Гэрэлт Тулга;Билэгт Цолмонбаатар;2019-05-21T03:35:03;2019-05-20T18:05:53;3
16;RIVER PLAZA;CANCELLED;2019-05-20T21:23:17;15000000000;2019-05-20T16:46:00;Хүрэлээ Цогт;Алтанхуяг Цэрэн;Саруул Энхгэрэл;2019-05-21T07:28:03;2019-05-20T23:23:35;1
17;Santo Smart Apartment;CANCELLED;2019-05-20T22:02:24;15000000000;2019-05-21T05:01:20;Бат-Оргил Цэнд;Гал-Эрдэнэ Тогтох;Ерөөлт Цэдэв;2019-05-21T07:23:06;2019-05-20T13:10:52;1
18;Дулаахан байр 3;CANCELLED;2019-05-20T14:08:05;20000000000;2019-05-20T12:41:41;Билэгт Цолмонбаатар;Нэргүй Отгон;Нямжаргал Ням;2019-05-20T17:23:27;2019-05-21T08:33:48;1
19;ДӨЛ ХОТХОН (Дөл импекс ХХК);FINISHED;2019-05-20T14:55:55;85000000000;2019-05-21T08:04:25;Хүдэр;Баярсайхан Дулам;Алтан Зоригт;2019-05-21T03:03:41;2019-05-21T08:19:23;1
20;PARK VILLA хотхон;CANCELLED;2019-05-21T00:12:44;85000000000;2019-05-21T05:40:30;Хүрэлээ Гантулга;Сундуй Жаргал;Оюун Дөлгөөнтамир;2019-05-20T13:06:34;2019-05-21T03:35:24;1
21;Цагаан Хуаран хотхон;CANCELLED;2019-05-20T21:23:17;25000000000;2019-09-20T22:52:58;Хүрэлээ Цогт;Бат-Оргил Цэнд;Хүрэлээ Цогт;2019-05-20T23:22:02;2019-05-20T21:04:21;1
22;Дөлгөөн нуур apartment;CANCELLED;2019-05-20T22:02:24;50000000000;2019-05-20T15:37:43;Бат-Оргил Цэнд;Билэгт Цолмонбаатар;Бат-Оргил Цэнд;2019-05-20T19:35:03;2019-05-20T15:07:48;1
23;Modun Town;CANCELLED;2019-05-20T14:08:05;30000000000;2019-09-20T14:51:42;Чулуун Нямсүрэн;Хүдэр;Билэгт Цолмонбаатар;2019-05-20T21:13:45;2019-05-20T23:22:02;1
24;Victoria Town цогцолбор хороолол;FINISHED;2019-05-20T14:55:55;15000000000;2019-05-21T02:01:08;Гантөмөр Намуун;Хүрэлээ Гантулга;Ганзориг Энх;2019-05-21T04:44:13;2019-05-20T19:35:03;1
25;RESIDENCE 60;CANCELLED;2019-05-21T00:12:44;15000000000;2019-05-21T07:43:22;Цэцэн Хүслэн;Гэрэлт Тулга;Батцэцэг Мягмар;2019-05-21T01:00:54;2019-05-20T21:13:45;1
26;CASA DA VINCI;CANCELLED;2019-08-21T00:51:18;20000000000;2019-05-20T16:46:00;Чулуунчимэг Болдхүү;Алтанхуяг Цэрэн;Хулан Жаргал;2019-05-20T16:33:43;2019-05-21T04:44:13;1
27;VIP Residence;CANCELLED;2019-05-21T03:19:44;85000000000;2019-05-21T05:01:20;Хорол Цэдэвдамба;Гал-Эрдэнэ Тогтох;Баярцэнгэл Уянга;2019-05-20T23:38:25;2019-05-21T01:00:54;1
28;Амар амгалан 3;CANCELLED;2019-05-20T21:16:41;85000000000;2019-05-20T12:41:41;Билэгт Цолмонбаатар;Алтанцэцэг Төгөлдөл;Алтанхүү Цэлмэг;2019-05-21T07:40:46;2019-05-20T16:33:43;1
29;ДЭЛГЭРЭХ ХОТХОН;FINISHED;2019-05-21T00:31:35;85000000000;2019-05-21T08:04:25;Саруул Энхгэрэл;Билэгт Цолмонбаатар;Баатар Доржсүрэн;2019-05-20T21:04:21;2019-05-20T23:38:25;1
30;СОДОН стандарт цогцолбор хороолол;IN_PROGRESS;2019-05-21T03:01:40;15000000000;2019-05-21T05:40:30;Ерөөлт Цэдэв;Саруул Энхгэрэл;Баатар Баярсайхан;2019-05-20T15:07:48;2019-05-20T23:22:02;4
31;X Apartment;IN_PROGRESS;2019-05-20T21:23:17;25000000000;2019-09-20T22:52:58;Нямжаргал Ням;Ерөөлт Цэдэв;Хулан Бат-Эрдэнэ;2019-05-20T23:22:02;2019-05-20T19:35:03;4
32;Erinkhoroolol-"Эрин Хороолол";IN_PROGRESS;2019-05-20T22:02:24;50000000000;2019-05-20T15:37:43;Алтан Зоригт;Нямжаргал Ням;Гантулаг Мөнх;2019-05-20T19:35:03;2019-05-21T05:10:38;4
33;Саруул хороолол;IN_PROGRESS;2019-05-20T14:08:05;30000000000;2019-09-20T14:51:42;Оюун Дөлгөөнтамир;Алтан Зоригт;Лхагвасүрэн Дарьмаа;2019-05-20T21:13:45;2019-05-21T01:32:45;3
34;Академи хотхон;FINISHED;2019-05-20T14:55:55;15000000000;2019-05-21T02:01:08;Тамир Гэрэл;Оюун Дөлгөөнтамир;Энх-Оргил;2019-05-21T04:44:13;2019-05-21T06:08:45;3
35;Парк Вью хотхон;FINISHED;2019-05-21T00:12:44;15000000000;2019-05-21T07:43:22;Цолмон Энхбилэг;Тамир Гэрэл;Баярт Цэндсүрэн;2019-05-21T01:00:54;2019-05-20T19:38:07;3
36;Чухаг-2 хотхон;FINISHED;2019-05-20T22:02:24;20000000000;2019-05-20T16:46:00;Мягмарсүрэн Эрдэнэ;Цолмон Энхбилэг;Уянга Улсболд;2019-05-20T16:33:43;2019-05-20T20:05:10;3
37;Polaris Apartment - 2 хотхоны;FINISHED;2019-05-20T14:08:05;85000000000;2019-05-21T05:01:20;Бат Соёл-Эрдэнэ;Мягмарсүрэн Эрдэнэ;Баатар Уянга;2019-05-20T23:38:25;2019-05-20T11:25:01;3
38;Polaris Apartment - 1 хотхоны;FINISHED;2019-05-20T14:55:55;85000000000;2019-05-20T12:41:41;Хүрэлээ Цогт;Бат Соёл-Эрдэнэ;Алтанхүү Цэлмэг;2019-05-21T07:40:46;2019-05-20T15:01:38;3
