<?xml version="1.1" encoding="UTF-8" standalone="no"?>
<databaseChangeLog xmlns="http://www.liquibase.org/xml/ns/dbchangelog" xmlns:ext="http://www.liquibase.org/xml/ns/dbchangelog-ext" xmlns:xsi="http://www.w3.org/2001/XMLSchema-instance" xsi:schemaLocation="http://www.liquibase.org/xml/ns/dbchangelog-ext http://www.liquibase.org/xml/ns/dbchangelog/dbchangelog-ext.xsd http://www.liquibase.org/xml/ns/dbchangelog http://www.liquibase.org/xml/ns/dbchangelog/dbchangelog-3.6.xsd">
    <changeSet author="batjaa" id="1561977737343-1">
        <createTable tableName="cpms_building">
            <column autoIncrement="true" name="id" type="BIGINT">
                <constraints primaryKey="true"/>
            </column>
            <column name="name" type="VARCHAR(255)">
                <constraints nullable="false"/>
            </column>
            <column name="project_id" type="BIGINT"/>
        </createTable>
    </changeSet>
    <changeSet author="batjaa" id="1561977737343-2">
        <createTable tableName="clientdetails">
            <column name="appId" type="VARCHAR(191)">
                <constraints primaryKey="true"/>
            </column>
            <column name="resourceIds" type="VARCHAR(191)"/>
            <column name="appSecret" type="VARCHAR(191)"/>
            <column name="scope" type="VARCHAR(191)"/>
            <column name="grantTypes" type="VARCHAR(191)"/>
            <column name="redirectUrl" type="VARCHAR(191)"/>
            <column name="authorities" type="VARCHAR(191)"/>
            <column name="access_token_validity" type="INT"/>
            <column name="refresh_token_validity" type="INT"/>
            <column name="additionalInformation" type="VARCHAR(191)"/>
            <column name="autoApproveScopes" type="VARCHAR(191)"/>
        </createTable>
    </changeSet>
    <changeSet author="batjaa" id="1561977737343-3">
        <createTable tableName="cpms_company">
            <column autoIncrement="true" name="id" type="BIGINT">
                <constraints primaryKey="true"/>
            </column>
            <column name="name" type="VARCHAR(255)">
                <constraints nullable="false"/>
            </column>
            <column name="created_by" type="VARCHAR(255)">
                <constraints nullable="false"/>
            </column>
            <column name="updated_by" type="VARCHAR(255)">
                <constraints nullable="false"/>
            </column>
            <column name="updated_at" type="datetime">
                <constraints nullable="false"/>
            </column>
            <column name="created_at" type="datetime">
                <constraints nullable="false"/>
            </column>
        </createTable>
    </changeSet>
    <changeSet author="batjaa" id="1561977737343-4">
        <createTable tableName="cpms_compliance">
            <column autoIncrement="true" name="id" type="BIGINT">
                <constraints primaryKey="true"/>
            </column>
            <column name="notes" type="LONGTEXT"/>
            <column name="due_date" type="datetime"/>
            <column name="jhi_type" type="VARCHAR(255)">
                <constraints nullable="false"/>
            </column>
            <column name="created_by" type="VARCHAR(255)">
                <constraints nullable="false"/>
            </column>
            <column name="updated_by" type="VARCHAR(255)">
                <constraints nullable="false"/>
            </column>
            <column name="updated_at" type="datetime">
                <constraints nullable="false"/>
            </column>
            <column name="created_at" type="datetime">
                <constraints nullable="false"/>
            </column>
            <column name="file_id" type="BIGINT">
                <constraints unique="true"/>
            </column>
            <column name="project_id" type="BIGINT"/>
        </createTable>
    </changeSet>
    <changeSet author="batjaa" id="1561977737343-5">
        <createTable tableName="cpms_engineer_assessment">
            <column autoIncrement="true" name="id" type="BIGINT">
                <constraints primaryKey="true"/>
            </column>
            <column name="jhi_type" type="VARCHAR(255)">
                <constraints nullable="false"/>
            </column>
            <column name="notes" type="LONGTEXT"/>
            <column name="created_by" type="VARCHAR(255)">
                <constraints nullable="false"/>
            </column>
            <column name="updated_by" type="VARCHAR(255)">
                <constraints nullable="false"/>
            </column>
            <column name="grant_id" type="BIGINT">
                <constraints unique="true"/>
            </column>
            <column name="project_id" type="BIGINT"/>
        </createTable>
    </changeSet>
    <changeSet author="batjaa" id="1561977737343-6">
        <createTable tableName="cpms_engineer_assessment_files">
            <column name="engineer_assessment_id" type="BIGINT">
                <constraints primaryKey="true"/>
            </column>
            <column name="files_id" type="BIGINT">
                <constraints primaryKey="true"/>
            </column>
        </createTable>
    </changeSet>
    <changeSet author="batjaa" id="1561977737343-7">
        <createTable tableName="cpms_facility">
            <column autoIncrement="true" name="id" type="BIGINT">
                <constraints primaryKey="true"/>
            </column>
            <column name="jhi_number" type="VARCHAR(255)">
                <constraints nullable="false"/>
            </column>
            <column name="area" type="DOUBLE">
                <constraints nullable="false"/>
            </column>
            <column name="jhi_type" type="VARCHAR(255)">
                <constraints nullable="false"/>
            </column>
            <column name="updated_by" type="VARCHAR(255)">
                <constraints nullable="false"/>
            </column>
            <column name="trade_id" type="BIGINT">
                <constraints unique="true"/>
            </column>
            <column name="release_id" type="BIGINT">
                <constraints unique="true"/>
            </column>
            <column name="building_id" type="BIGINT"/>
        </createTable>
    </changeSet>
    <changeSet author="batjaa" id="1561977737343-8">
        <createTable tableName="cpms_file">
            <column autoIncrement="true" name="id" type="BIGINT">
                <constraints primaryKey="true"/>
            </column>
            <column name="name" type="VARCHAR(255)">
                <constraints nullable="false"/>
            </column>
            <column name="path" type="VARCHAR(255)">
                <constraints nullable="false"/>
            </column>
            <column name="created_by" type="VARCHAR(255)">
                <constraints nullable="false"/>
            </column>
            <column name="created_at" type="datetime">
                <constraints nullable="false"/>
            </column>
        </createTable>
    </changeSet>
    <changeSet author="batjaa" id="1561977737343-9">
        <createTable tableName="cpms_installment">
            <column autoIncrement="true" name="id" type="BIGINT">
                <constraints primaryKey="true"/>
            </column>
            <column name="amount" type="DOUBLE">
                <constraints nullable="false"/>
            </column>
            <column name="paid_at" type="datetime">
                <constraints nullable="false"/>
            </column>
            <column name="created_by" type="VARCHAR(255)">
                <constraints nullable="false"/>
            </column>
            <column name="updated_by" type="VARCHAR(255)">
                <constraints nullable="false"/>
            </column>
            <column name="updated_at" type="datetime">
                <constraints nullable="false"/>
            </column>
            <column name="created_at" type="datetime">
                <constraints nullable="false"/>
            </column>
            <column name="trade_id" type="BIGINT"/>
        </createTable>
    </changeSet>
    <changeSet author="batjaa" id="1561977737343-10">
        <createTable tableName="cpms_jhi_authority">
            <column name="name" type="VARCHAR(50)">
                <constraints primaryKey="true"/>
            </column>
        </createTable>
    </changeSet>
    <changeSet author="batjaa" id="1561977737343-11">
        <createTable tableName="cpms_jhi_grant">
            <column autoIncrement="true" name="id" type="BIGINT">
                <constraints primaryKey="true"/>
            </column>
            <column name="notes" type="LONGTEXT"/>
            <column name="purpose" type="LONGTEXT"/>
            <column name="jhi_comment" type="LONGTEXT"/>
            <column name="amount" type="BIGINT">
                <constraints nullable="false"/>
            </column>
            <column name="created_by" type="VARCHAR(255)">
                <constraints nullable="false"/>
            </column>
            <column name="updated_by" type="VARCHAR(255)">
                <constraints nullable="false"/>
            </column>
            <column name="updated_at" type="datetime">
                <constraints nullable="false"/>
            </column>
            <column name="created_at" type="datetime">
                <constraints nullable="false"/>
            </column>
            <column name="project_id" type="BIGINT"/>
        </createTable>
    </changeSet>
    <changeSet author="batjaa" id="1561977737343-12">
        <createTable tableName="cpms_jhi_grant_files">
            <column name="grant_id" type="BIGINT">
                <constraints primaryKey="true"/>
            </column>
            <column name="files_id" type="BIGINT">
                <constraints primaryKey="true"/>
            </column>
        </createTable>
    </changeSet>
    <changeSet author="batjaa" id="1561977737343-13">
        <createTable tableName="cpms_jhi_persist_audt_evt">
            <column autoIncrement="true" name="event_id" type="BIGINT">
                <constraints primaryKey="true"/>
            </column>
            <column name="principal" type="VARCHAR(50)">
                <constraints nullable="false"/>
            </column>
            <column name="event_date" type="timestamp"/>
            <column name="event_type" type="VARCHAR(255)"/>
        </createTable>
    </changeSet>
    <changeSet author="batjaa" id="1561977737343-14">
        <createTable tableName="cpms_jhi_persist_audt_evt_data">
            <column name="event_id" type="BIGINT">
                <constraints primaryKey="true"/>
            </column>
            <column name="name" type="VARCHAR(150)">
                <constraints primaryKey="true"/>
            </column>
            <column name="value" type="VARCHAR(255)"/>
        </createTable>
    </changeSet>
    <changeSet author="batjaa" id="1561977737343-15">
        <createTable tableName="cpms_jhi_release">
            <column autoIncrement="true" name="id" type="BIGINT">
                <constraints primaryKey="true"/>
            </column>
            <column name="released_date" type="datetime"/>
            <column name="notes" type="VARCHAR(255)"/>
            <column name="status" type="VARCHAR(255)">
                <constraints nullable="false"/>
            </column>
            <column name="release_number" type="BIGINT"/>
            <column name="updated_by" type="VARCHAR(255)">
                <constraints nullable="false"/>
            </column>
            <column name="updated_at" type="datetime">
                <constraints nullable="false"/>
            </column>
            <column name="created_at" type="datetime">
                <constraints nullable="false"/>
            </column>
        </createTable>
    </changeSet>
    <changeSet author="batjaa" id="1561977737343-16">
        <createTable tableName="cpms_jhi_user">
            <column autoIncrement="true" name="id" type="BIGINT">
                <constraints primaryKey="true"/>
            </column>
            <column name="login" type="VARCHAR(50)">
                <constraints nullable="false" unique="true"/>
            </column>
            <column name="password_hash" type="VARCHAR(60)">
                <constraints nullable="false"/>
            </column>
            <column name="first_name" type="VARCHAR(50)"/>
            <column name="last_name" type="VARCHAR(50)"/>
            <column name="email" type="VARCHAR(191)">
                <constraints unique="true"/>
            </column>
            <column name="image_url" type="VARCHAR(256)"/>
            <column name="activated" type="BIT(1)">
                <constraints nullable="false"/>
            </column>
            <column name="lang_key" type="VARCHAR(6)"/>
            <column name="activation_key" type="VARCHAR(20)"/>
            <column name="reset_key" type="VARCHAR(20)"/>
            <column name="created_by" type="VARCHAR(50)">
                <constraints nullable="false"/>
            </column>
            <column name="created_date" type="timestamp"/>
            <column name="reset_date" type="timestamp"/>
            <column name="last_modified_by" type="VARCHAR(50)"/>
            <column name="last_modified_date" type="timestamp"/>
        </createTable>
    </changeSet>
    <changeSet author="batjaa" id="1561977737343-17">
        <createTable tableName="cpms_jhi_user_authority">
            <column name="user_id" type="BIGINT">
                <constraints primaryKey="true"/>
            </column>
            <column name="authority_name" type="VARCHAR(50)">
                <constraints primaryKey="true"/>
            </column>
        </createTable>
    </changeSet>
    <changeSet author="batjaa" id="1561977737343-18">
        <createTable tableName="cpms_notification">
            <column autoIncrement="true" name="id" type="BIGINT">
                <constraints primaryKey="true"/>
            </column>
            <column name="message" type="VARCHAR(255)">
                <constraints nullable="false"/>
            </column>
            <column name="acknowledged_at" type="datetime"/>
            <column name="created_at" type="datetime">
                <constraints nullable="false"/>
            </column>
            <column name="user_id" type="VARCHAR(255)">
                <constraints nullable="false"/>
            </column>
        </createTable>
    </changeSet>
    <changeSet author="batjaa" id="1561977737343-19">
        <createTable tableName="oauth_access_token">
            <column name="token_id" type="VARCHAR(191)"/>
            <column name="token" type="BLOB"/>
            <column name="authentication_id" type="VARCHAR(191)">
                <constraints primaryKey="true"/>
            </column>
            <column name="user_name" type="VARCHAR(191)"/>
            <column name="client_id" type="VARCHAR(191)"/>
            <column name="authentication" type="BLOB"/>
            <column name="refresh_token" type="VARCHAR(191)"/>
        </createTable>
    </changeSet>
    <changeSet author="batjaa" id="1561977737343-20">
        <createTable tableName="oauth_approvals">
            <column name="userId" type="VARCHAR(191)"/>
            <column name="clientId" type="VARCHAR(191)"/>
            <column name="scope" type="VARCHAR(191)"/>
            <column name="status" type="VARCHAR(10)"/>
            <column name="expiresAt" type="timestamp"/>
            <column name="lastModifiedAt" type="timestamp"/>
        </createTable>
    </changeSet>
    <changeSet author="batjaa" id="1561977737343-21">
        <createTable tableName="oauth_client_details">
            <column name="client_id" type="VARCHAR(191)">
                <constraints primaryKey="true"/>
            </column>
            <column name="resource_ids" type="VARCHAR(191)"/>
            <column name="client_secret" type="VARCHAR(191)"/>
            <column name="scope" type="VARCHAR(191)"/>
            <column name="authorized_grant_types" type="VARCHAR(191)"/>
            <column name="web_server_redirect_uri" type="VARCHAR(191)"/>
            <column name="authorities" type="VARCHAR(191)"/>
            <column name="access_token_validity" type="INT"/>
            <column name="refresh_token_validity" type="INT"/>
            <column name="additional_information" type="VARCHAR(191)"/>
            <column name="autoapprove" type="VARCHAR(191)"/>
        </createTable>
    </changeSet>

    <changeSet author="batjaa" id="1561977737343-21-data">
        <loadData
            file="config/liquibase/data/oauth_client_details.csv"
            separator=";"
            tableName="oauth_client_details">
            <column name="CLIENT_ID" type="string" />
            <column name="CLIENT_SECRET" type="string" />
            <column name="RESOURCE_IDS" type="string" />
            <column name="SCOPE" type="string" />
            <column name="AUTHORIZED_GRANT_TYPES" type="string" />
            <column name="WEB_SERVER_REDIRECT_URI" type="string" />
            <column name="AUTHORITIES" type="string" />
            <column name="ACCESS_TOKEN_VALIDITY" type="string" />
            <column name="REFRESH_TOKEN_VALIDITY" type="string" />
            <column name="ADDITIONAL_INFORMATION" type="string" />
            <column name="AUTOAPPROVE" type="string" />
        </loadData>
    </changeSet>

    <changeSet author="batjaa" id="1561977737343-22">
        <createTable tableName="oauth_client_token">
            <column name="token_id" type="VARCHAR(191)"/>
            <column name="token" type="BLOB"/>
            <column name="authentication_id" type="VARCHAR(191)">
                <constraints primaryKey="true"/>
            </column>
            <column name="user_name" type="VARCHAR(191)"/>
            <column name="client_id" type="VARCHAR(191)"/>
        </createTable>
    </changeSet>
    <changeSet author="batjaa" id="1561977737343-23">
        <createTable tableName="oauth_code">
            <column name="code" type="VARCHAR(191)"/>
            <column name="authentication" type="BLOB"/>
        </createTable>
    </changeSet>
    <changeSet author="batjaa" id="1561977737343-24">
        <createTable tableName="oauth_refresh_token">
            <column name="token_id" type="VARCHAR(191)"/>
            <column name="token" type="BLOB"/>
            <column name="authentication" type="BLOB"/>
        </createTable>
    </changeSet>
    <changeSet author="batjaa" id="1561977737343-25">
        <createTable tableName="cpms_permission">
            <column autoIncrement="true" name="id" type="BIGINT">
                <constraints primaryKey="true"/>
            </column>
            <column name="permission" type="VARCHAR(255)">
                <constraints nullable="false"/>
            </column>
        </createTable>
    </changeSet>
    <changeSet author="batjaa" id="1561977737343-26">
        <createTable tableName="cpms_permission_role">
            <column name="role_id" type="BIGINT">
                <constraints primaryKey="true"/>
            </column>
            <column name="permission_id" type="BIGINT">
                <constraints primaryKey="true"/>
            </column>
        </createTable>
    </changeSet>
    <changeSet author="batjaa" id="1561977737343-27">
        <createTable tableName="cpms_proj_cost_est_sub">
            <column autoIncrement="true" name="id" type="BIGINT">
                <constraints primaryKey="true"/>
            </column>
            <column name="status" type="VARCHAR(255)">
                <constraints nullable="false"/>
            </column>
            <column name="submitted_by" type="VARCHAR(255)"/>
            <column name="responded_by" type="VARCHAR(255)"/>
            <column name="submitted_at" type="datetime"/>
            <column name="responded_at" type="datetime"/>
            <column name="notes" type="VARCHAR(255)"/>
            <column name="current_total" type="BIGINT"/>
            <column name="deleted_at" type="datetime"/>
            <column name="updated_at" type="datetime">
                <constraints nullable="false"/>
            </column>
            <column name="created_at" type="datetime">
                <constraints nullable="false"/>
            </column>
            <column name="file_id" type="BIGINT">
                <constraints unique="true"/>
            </column>
            <column name="image_path" type="VARCHAR(255)"/>
            <column name="project_cost_estimate_id" type="BIGINT"/>
        </createTable>
    </changeSet>
    <changeSet author="batjaa" id="1561977737343-28">
        <createTable tableName="cpms_project">
            <column autoIncrement="true" name="id" type="BIGINT">
                <constraints primaryKey="true"/>
            </column>
            <column name="name" type="VARCHAR(255)">
                <constraints nullable="false"/>
            </column>
            <column name="status" type="VARCHAR(255)">
                <constraints nullable="false"/>
            </column>
            <column name="due_date" type="datetime"/>
            <column name="loan_amount" type="BIGINT"/>
            <column name="grants_open_until" type="datetime"/>
            <column name="users" type="LONGTEXT"/>
            <column name="created_by" type="VARCHAR(255)">
                <constraints nullable="false"/>
            </column>
            <column name="updated_by" type="VARCHAR(255)">
                <constraints nullable="false"/>
            </column>
            <column name="updated_at" type="datetime">
                <constraints nullable="false"/>
            </column>
            <column name="created_at" type="datetime">
                <constraints nullable="false"/>
            </column>
            <column name="company_id" type="BIGINT"/>
        </createTable>
    </changeSet>
    <changeSet author="batjaa" id="1561977737343-29">
        <createTable tableName="cpms_project_cost_estimate">
            <column autoIncrement="true" name="id" type="BIGINT">
                <constraints primaryKey="true"/>
            </column>
            <column name="jhi_raw" type="LONGTEXT"/>
            <column name="updated_by" type="VARCHAR(255)"/>
            <column name="updated_at" type="datetime">
                <constraints nullable="false"/>
            </column>
            <column name="created_at" type="datetime">
                <constraints nullable="false"/>
            </column>
            <column name="project_id" type="BIGINT">
                <constraints unique="true"/>
            </column>
        </createTable>
    </changeSet>
    <changeSet author="batjaa" id="1561977737343-30">
        <createTable tableName="cpms_role">
            <column autoIncrement="true" name="id" type="BIGINT">
                <constraints primaryKey="true"/>
            </column>
            <column name="jhi_role" type="VARCHAR(255)">
                <constraints nullable="false"/>
            </column>
        </createTable>
    </changeSet>
    <changeSet author="batjaa" id="1561977737343-31">
        <createTable tableName="cpms_trade">
            <column autoIncrement="true" name="id" type="BIGINT">
                <constraints primaryKey="true"/>
            </column>
            <column name="status" type="VARCHAR(255)">
                <constraints nullable="false"/>
            </column>
            <column name="purchaser" type="VARCHAR(255)"/>
            <column name="purchased_at" type="datetime"/>
            <column name="price_per_unit" type="DOUBLE">
                <constraints nullable="false"/>
            </column>
            <column name="discount" type="DOUBLE"/>
            <column name="down_payment" type="DOUBLE">
                <constraints nullable="false"/>
            </column>
            <column name="payment_term" type="VARCHAR(255)">
                <constraints nullable="false"/>
            </column>
            <column name="number_of_install" type="BIGINT"/>
            <column name="updated_by" type="VARCHAR(255)">
                <constraints nullable="false"/>
            </column>
            <column name="updated_at" type="datetime">
                <constraints nullable="false"/>
            </column>
            <column name="created_at" type="datetime">
                <constraints nullable="false"/>
            </column>
        </createTable>
    </changeSet>
    <changeSet author="batjaa" id="1561977737343-32">
        <createIndex indexName="cpms_fk_authority_name" tableName="cpms_jhi_user_authority">
            <column name="authority_name"/>
        </createIndex>
    </changeSet>
    <changeSet author="batjaa" id="1561977737343-33">
        <createIndex indexName="cpms_fk_building_project_id" tableName="cpms_building">
            <column name="project_id"/>
        </createIndex>
    </changeSet>
    <changeSet author="batjaa" id="1561977737343-34">
        <createIndex indexName="cpms_fk_compliance_project_id" tableName="cpms_compliance">
            <column name="project_id"/>
        </createIndex>
    </changeSet>
    <changeSet author="batjaa" id="1561977737343-35">
        <createIndex indexName="cpms_fk_eng_assess_files_id" tableName="cpms_engineer_assessment_files">
            <column name="files_id"/>
        </createIndex>
    </changeSet>
    <changeSet author="batjaa" id="1561977737343-36">
        <createIndex indexName="cpms_fk_eng_assess_project_id" tableName="cpms_engineer_assessment">
            <column name="project_id"/>
        </createIndex>
    </changeSet>
    <changeSet author="batjaa" id="1561977737343-37">
        <createIndex indexName="cpms_fk_facility_building_id" tableName="cpms_facility">
            <column name="building_id"/>
        </createIndex>
    </changeSet>
    <changeSet author="batjaa" id="1561977737343-38">
        <createIndex indexName="cpms_fk_grant_files_id" tableName="cpms_jhi_grant_files">
            <column name="files_id"/>
        </createIndex>
    </changeSet>
    <changeSet author="batjaa" id="1561977737343-39">
        <createIndex indexName="cpms_fk_installment_trade_id" tableName="cpms_installment">
            <column name="trade_id"/>
        </createIndex>
    </changeSet>
    <changeSet author="batjaa" id="1561977737343-40">
        <createIndex indexName="cpms_fk_jhi_grant_project_id" tableName="cpms_jhi_grant">
            <column name="project_id"/>
        </createIndex>
    </changeSet>
    <changeSet author="batjaa" id="1561977737343-41">
        <createIndex indexName="cpms_fk_permiss_role_role_id" tableName="cpms_permission_role">
            <column name="role_id"/>
        </createIndex>
    </changeSet>
    <changeSet author="batjaa" id="1561977737343-42">
        <createIndex indexName="cpms_fk_proj_cos_es_sub_es_id" tableName="cpms_proj_cost_est_sub">
            <column name="project_cost_estimate_id"/>
        </createIndex>
    </changeSet>
    <changeSet author="batjaa" id="1561977737343-43">
        <createIndex indexName="cpms_fk_project_company_id" tableName="cpms_project">
            <column name="company_id"/>
        </createIndex>
    </changeSet>
    <changeSet author="batjaa" id="1561977737343-44">
        <createIndex indexName="cpms_idx_persist_audt_evt" tableName="cpms_jhi_persist_audt_evt">
            <column name="principal"/>
            <column name="event_date"/>
        </createIndex>
    </changeSet>
    <changeSet author="batjaa" id="1561977737343-45">
        <createIndex indexName="cpms_idx_persist_audt_evt_data" tableName="cpms_jhi_persist_audt_evt_data">
            <column name="event_id"/>
        </createIndex>
    </changeSet>
    <changeSet author="batjaa" id="1561977737343-46">
        <addForeignKeyConstraint baseColumnNames="authority_name" baseTableName="cpms_jhi_user_authority" constraintName="cpms_fk_authority_name" deferrable="false" initiallyDeferred="false" onDelete="NO ACTION" onUpdate="NO ACTION" referencedColumnNames="name" referencedTableName="cpms_jhi_authority" validate="true"/>
    </changeSet>
    <changeSet author="batjaa" id="1561977737343-47">
        <addForeignKeyConstraint baseColumnNames="project_id" baseTableName="cpms_building" constraintName="cpms_fk_building_project_id" deferrable="false" initiallyDeferred="false" onDelete="NO ACTION" onUpdate="NO ACTION" referencedColumnNames="id" referencedTableName="cpms_project" validate="true"/>
    </changeSet>
    <changeSet author="batjaa" id="1561977737343-48">
        <addForeignKeyConstraint baseColumnNames="file_id" baseTableName="cpms_compliance" constraintName="cpms_fk_compliance_file_id" deferrable="false" initiallyDeferred="false" onDelete="NO ACTION" onUpdate="NO ACTION" referencedColumnNames="id" referencedTableName="cpms_file" validate="true"/>
    </changeSet>
    <changeSet author="batjaa" id="1561977737343-49">
        <addForeignKeyConstraint baseColumnNames="project_id" baseTableName="cpms_compliance" constraintName="cpms_fk_compliance_project_id" deferrable="false" initiallyDeferred="false" onDelete="NO ACTION" onUpdate="NO ACTION" referencedColumnNames="id" referencedTableName="cpms_project" validate="true"/>
    </changeSet>
    <changeSet author="batjaa" id="1561977737343-50">
        <addForeignKeyConstraint baseColumnNames="files_id" baseTableName="cpms_engineer_assessment_files" constraintName="cpms_fk_eng_assess_files_id" deferrable="false" initiallyDeferred="false" onDelete="NO ACTION" onUpdate="NO ACTION" referencedColumnNames="id" referencedTableName="cpms_file" validate="true"/>
    </changeSet>
    <changeSet author="batjaa" id="1561977737343-51">
        <addForeignKeyConstraint baseColumnNames="grant_id" baseTableName="cpms_engineer_assessment" constraintName="cpms_fk_eng_assess_grant_id" deferrable="false" initiallyDeferred="false" onDelete="NO ACTION" onUpdate="NO ACTION" referencedColumnNames="id" referencedTableName="cpms_jhi_grant" validate="true"/>
    </changeSet>
    <changeSet author="batjaa" id="1561977737343-52">
        <addForeignKeyConstraint baseColumnNames="engineer_assessment_id" baseTableName="cpms_engineer_assessment_files" constraintName="cpms_fk_engineer_assessment_id" deferrable="false" initiallyDeferred="false" onDelete="NO ACTION" onUpdate="NO ACTION" referencedColumnNames="id" referencedTableName="cpms_engineer_assessment" validate="true"/>
    </changeSet>
    <changeSet author="batjaa" id="1561977737343-53">
        <addForeignKeyConstraint baseColumnNames="project_id" baseTableName="cpms_engineer_assessment" constraintName="cpms_fk_eng_assess_project_id" deferrable="false" initiallyDeferred="false" onDelete="NO ACTION" onUpdate="NO ACTION" referencedColumnNames="id" referencedTableName="cpms_project" validate="true"/>
    </changeSet>
    <changeSet author="batjaa" id="1561977737343-54">
        <addForeignKeyConstraint baseColumnNames="event_id" baseTableName="cpms_jhi_persist_audt_evt_data" constraintName="cpms_fk_evt_pers_audt_evt_data" deferrable="false" initiallyDeferred="false" onDelete="NO ACTION" onUpdate="NO ACTION" referencedColumnNames="event_id" referencedTableName="cpms_jhi_persist_audt_evt" validate="true"/>
    </changeSet>
    <changeSet author="batjaa" id="1561977737343-55">
        <addForeignKeyConstraint baseColumnNames="building_id" baseTableName="cpms_facility" constraintName="cpms_fk_facility_building_id" deferrable="false" initiallyDeferred="false" onDelete="NO ACTION" onUpdate="NO ACTION" referencedColumnNames="id" referencedTableName="cpms_building" validate="true"/>
    </changeSet>
    <changeSet author="batjaa" id="1561977737343-56">
        <addForeignKeyConstraint baseColumnNames="release_id" baseTableName="cpms_facility" constraintName="cpms_fk_facility_release_id" deferrable="false" initiallyDeferred="false" onDelete="NO ACTION" onUpdate="NO ACTION" referencedColumnNames="id" referencedTableName="cpms_jhi_release" validate="true"/>
    </changeSet>
    <changeSet author="batjaa" id="1561977737343-57">
        <addForeignKeyConstraint baseColumnNames="trade_id" baseTableName="cpms_facility" constraintName="cpms_fk_facility_trade_id" deferrable="false" initiallyDeferred="false" onDelete="NO ACTION" onUpdate="NO ACTION" referencedColumnNames="id" referencedTableName="cpms_trade" validate="true"/>
    </changeSet>
    <changeSet author="batjaa" id="1561977737343-58">
        <addForeignKeyConstraint baseColumnNames="files_id" baseTableName="cpms_jhi_grant_files" constraintName="cpms_fk_grant_files_id" deferrable="false" initiallyDeferred="false" onDelete="NO ACTION" onUpdate="NO ACTION" referencedColumnNames="id" referencedTableName="cpms_file" validate="true"/>
    </changeSet>
    <changeSet author="batjaa" id="1561977737343-59">
        <addForeignKeyConstraint baseColumnNames="grant_id" baseTableName="cpms_jhi_grant_files" constraintName="cpms_fk_grant_id" deferrable="false" initiallyDeferred="false" onDelete="NO ACTION" onUpdate="NO ACTION" referencedColumnNames="id" referencedTableName="cpms_jhi_grant" validate="true"/>
    </changeSet>
    <changeSet author="batjaa" id="1561977737343-60">
        <addForeignKeyConstraint baseColumnNames="trade_id" baseTableName="cpms_installment" constraintName="cpms_fk_installment_trade_id" deferrable="false" initiallyDeferred="false" onDelete="NO ACTION" onUpdate="NO ACTION" referencedColumnNames="id" referencedTableName="cpms_trade" validate="true"/>
    </changeSet>
    <changeSet author="batjaa" id="1561977737343-61">
        <addForeignKeyConstraint baseColumnNames="project_id" baseTableName="cpms_jhi_grant" constraintName="cpms_fk_jhi_grant_project_id" deferrable="false" initiallyDeferred="false" onDelete="NO ACTION" onUpdate="NO ACTION" referencedColumnNames="id" referencedTableName="cpms_project" validate="true"/>
    </changeSet>
    <changeSet author="batjaa" id="1561977737343-62">
        <addForeignKeyConstraint baseColumnNames="permission_id" baseTableName="cpms_permission_role" constraintName="cpms_fk_perm_role_perm_id" deferrable="false" initiallyDeferred="false" onDelete="NO ACTION" onUpdate="NO ACTION" referencedColumnNames="id" referencedTableName="cpms_permission" validate="true"/>
    </changeSet>
    <changeSet author="batjaa" id="1561977737343-63">
        <addForeignKeyConstraint baseColumnNames="role_id" baseTableName="cpms_permission_role" constraintName="cpms_fk_perm_role_role_id" deferrable="false" initiallyDeferred="false" onDelete="NO ACTION" onUpdate="NO ACTION" referencedColumnNames="id" referencedTableName="cpms_role" validate="true"/>
    </changeSet>
    <changeSet author="batjaa" id="1561977737343-64">
        <addForeignKeyConstraint baseColumnNames="file_id" baseTableName="cpms_proj_cost_est_sub" constraintName="cpms_fk_projcosestsub_file_id" deferrable="false" initiallyDeferred="false" onDelete="NO ACTION" onUpdate="NO ACTION" referencedColumnNames="id" referencedTableName="cpms_file" validate="true"/>
    </changeSet>
    <changeSet author="batjaa" id="1561977737343-65">
        <addForeignKeyConstraint baseColumnNames="project_cost_estimate_id" baseTableName="cpms_proj_cost_est_sub" constraintName="cpms_fk_projcostestsubest_id" deferrable="false" initiallyDeferred="false" onDelete="NO ACTION" onUpdate="NO ACTION" referencedColumnNames="id" referencedTableName="cpms_project_cost_estimate" validate="true"/>
    </changeSet>
    <changeSet author="batjaa" id="1561977737343-66">
        <addForeignKeyConstraint baseColumnNames="company_id" baseTableName="cpms_project" constraintName="cpms_fk_project_company_id" deferrable="false" initiallyDeferred="false" onDelete="NO ACTION" onUpdate="NO ACTION" referencedColumnNames="id" referencedTableName="cpms_company" validate="true"/>
    </changeSet>
    <changeSet author="batjaa" id="1561977737343-67">
        <addForeignKeyConstraint baseColumnNames="project_id" baseTableName="cpms_project_cost_estimate" constraintName="cpms_fk_projcostest_proj_id" deferrable="false" initiallyDeferred="false" onDelete="NO ACTION" onUpdate="NO ACTION" referencedColumnNames="id" referencedTableName="cpms_project" validate="true"/>
    </changeSet>
    <changeSet author="batjaa" id="1561977737343-68">
        <addForeignKeyConstraint baseColumnNames="user_id" baseTableName="cpms_jhi_user_authority" constraintName="cpms_fk_user_id" deferrable="false" initiallyDeferred="false" onDelete="NO ACTION" onUpdate="NO ACTION" referencedColumnNames="id" referencedTableName="cpms_jhi_user" validate="true"/>
    </changeSet>
</databaseChangeLog>
